yearID,Age,Name,playerID,teamID,WAR,RAR,Salary
2016,30,Fernando Abad,abadfe01,2TM,0.8,8,"$1,250,000"
2016,33,Matt Albers,alberma01,CHW,-2,-15,"$2,000,000"
2016,30,Al Alburquerque,albural01,LAA,-0.1,-2,"$1,100,000"
2016,27,Cody Allen,allenco01,CLE,1.8,16,"$4,150,000"
2016,27,Jose Alvarez,alvarjo02,LAA,0,2,"$519,500"
2016,27,Alexi Amarista,amarial01,SDP,0,0,"$1,350,000"
2016,28,Brett Anderson,anderbr04,LAD,-0.7,-9,"$15,800,000"
2016,28,Chase Anderson,anderch01,MIL,0.9,8,"$520,200"
2016,25,Cody Anderson,anderco01,CLE,-0.8,-9,"$511,400"
2016,27,Chris Archer,archech01,TBR,2,22,"$2,916,666"
2016,30,Jake Arrieta,arrieja01,CHC,3.8,35,"$10,700,000"
2016,26,Luis Avilan,avilalu01,LAD,0.3,3,"$1,390,000"
2016,33,John Axford,axforjo01,OAK,0.9,10,"$4,500,000"
2016,28,Pedro Baez,baezpe01,LAD,1.2,11,"$520,000"
2016,30,Homer Bailey,baileho02,CIN,-0.5,-5,"$18,000,000"
2016,23,Johnny Barbato,barbajo01,NYY,-0.3,-3,"$507,500"
2016,26,Matt Barnes,barnema01,BOS,0.3,5,"$511,000"
2016,32,Tony Barnette,barneto01,TEX,2.2,21,"$1,500,000"
2016,30,Darwin Barney,barneda01,TOR,-0.1,0,"$1,050,000"
2016,24,Jake Barrett,barreja01,ARI,1.2,11,"$507,500"
2016,27,Chris Bassitt,bassich01,OAK,-0.2,-2,"$510,000"
2016,30,Antonio Bastardo,bastaan01,2TM,-0.1,-1,"$5,375,000"
2016,24,Cam Bedrosian,bedroca01,LAA,1.4,14,"$510,500"
2016,36,Matt Belisle,belisma01,WSN,1.2,12,"$1,250,000"
2016,38,Joaquin Benoit,benoijo01,2TM,1.1,9,"$8,000,000"
2016,28,Christian Bergman,bergmch01,COL,-0.7,-8,"$512,500"
2016,28,Dellin Betances,betande01,NYY,1.2,12,"$507,500"
2016,24,Christian Bethancourt,bethach01,SDP,0.1,1,"$511,200"
2016,27,Chad Bettis,bettich01,COL,1.6,15,"$512,500"
2016,26,Joe Biagini,biagijo01,TOR,0.9,10,"$507,500"
2016,35,Joe Blanton,blantjo01,LAD,1.9,18,"$4,000,000"
2016,27,Michael Blazek,blazemi01,MIL,-1,-8,"$514,200"
2016,32,Jerry Blevins,blevije01,NYM,1,9,"$4,000,000"
2016,25,Matt Bowman,bowmama01,STL,0.6,6,"$507,500"
2016,28,Brad Boxberger,boxbebr01,TBR,-0.1,0,"$519,200"
2016,34,Blaine Boyer,boyerbl01,MIL,0.6,6,"$950,000"
2016,30,Brad Brach,brachbr01,BAL,2.4,23,"$1,250,000"
2016,23,Silvino Bracho,brachsi01,ARI,-0.5,-7,"$509,300"
2016,35,Craig Breslow,breslcr01,MIA,-0.2,-2,"$1,500,000"
2016,28,Zack Britton,brittza01,BAL,4.1,32,"$6,750,000"
2016,32,Jonathan Broxton,broxtjo01,STL,0.1,1,"$3,750,000"
2016,31,Clay Buchholz,buchhcl01,BOS,0.1,2,"$13,000,000"
2016,29,Ryan Buchter,buchtry01,SDP,1.4,13,"$520,000"
2016,26,Madison Bumgarner,bumgama01,SFG,4.8,44,"$9,750,000"
2016,25,Enrique Burgos,burgoen02,ARI,-0.3,-2,"$511,500"
2016,32,Drew Butera,buterdr01,KCR,0.1,1,"$1,162,500"
2016,28,Trevor Cahill,cahiltr01,CHC,1,10,"$4,250,000"
2016,31,Matt Cain,cainma01,SFG,-0.7,-9,"$21,000,000"
2016,29,Arquimedes Caminero,caminar01,2TM,0.2,3,"$532,500"
2016,37,Chris Capuano,capuach01,MIL,0.2,2,"$1,500,000"
2016,29,Carlos Carrasco,carraca01,CLE,3,29,"$4,500,000"
2016,29,Andrew Cashner,cashnan01,2TM,-0.7,-8,"$7,150,000"
2016,35,Santiago Casilla,garcija01,SFG,0.7,6,"$6,500,000"
2016,21,Miguel Castro,castrmi01,COL,-0.2,-1,"$509,500"
2016,29,Brett Cecil,cecilbr01,TOR,0.3,4,"$3,800,000"
2016,29,Xavier Cedeno,cedenxa01,TBR,0.6,6,"$524,100"
2016,24,Luis Cessa,cessalu01,NYY,0.6,7,"$507,500"
2016,30,Joba Chamberlain,chambjo03,CLE,0.4,5,"$1,000,000"
2016,28,Aroldis Chapman,chapmar01,2TM,2.6,20,"$11,325,000"
2016,26,Tyler Chatwood,chatwty01,COL,3.3,31,"$1,000,000"
2016,32,Jesse Chavez,chaveje01,2TM,-0.2,0,"$4,000,000"
2016,30,Wei-Yin Chen,chenwe02,MIA,-0.1,-1,"$12,500,000"
2016,26,Tony Cingrani,cingrto01,CIN,0.6,6,"$530,000"
2016,30,Steve Cishek,cishest01,SEA,1.6,13,"$4,000,000"
2016,24,Alex Claudio,claudal01,TEX,1.2,13,"$510,250"
2016,31,Tyler Clippard,clippty01,2TM,1.1,10,"$6,100,000"
2016,28,Alex Cobb,cobbal01,TBR,-0.8,-9,"$4,000,000"
2016,25,Gerrit Cole,colege01,PIT,1.5,14,"$541,000"
2016,30,Louis Coleman,colemlo01,LAD,-0.4,-3,"$725,000"
2016,30,Josh Collmenter,collmjo01,2TM,0.8,7,"$1,825,000"
2016,27,Alex Colome,colomal01,TBR,2.3,19,"$521,700"
2016,43,Bartolo Colon,colonba01,NYM,3,28,"$7,250,000"
2016,26,Adam Conley,conlead01,MIA,1.8,17,"$512,500"
2016,26,Patrick Corbin,corbipa01,ARI,-0.7,-7,"$2,525,000"
2016,26,Jarred Cosart,cosarja01,2TM,-0.9,-10,"$550,000"
2016,28,Caleb Cotham,cothaca01,CIN,-0.8,-7,"$509,675"
2016,30,Johnny Cueto,cuetojo01,SFG,5.5,50,"$15,833,333"
2016,29,Yu Darvish,darviyu01,TEX,2.5,24,"$10,000,000"
2016,30,Wade Davis,daviswa01,KCR,1.8,15,"$8,000,000"
2016,35,Jorge De La Rosa,rosajo01,COL,-0.1,-2,"$12,500,000"
2016,27,Rubby De La Rosa,delarru01,ARI,0.9,8,"$2,350,000"
2016,28,Jacob deGrom,degroja01,NYM,3.4,31,"$607,000"
2016,26,Randall Delgado,delgara01,ARI,0.7,7,"$1,275,000"
2016,26,Anthony DeSclafani,desclan01,CIN,2.8,26,"$540,000"
2016,30,Ross Detwiler,detwiro01,2TM,-0.2,-2,"$1,000,000"
2016,32,Jumbo Diaz,diazju03,CIN,0.4,5,"$525,000"
2016,41,R.A. Dickey,dicker.01,TOR,0.4,5,"$12,000,000"
2016,29,Jake Diekman,diekmja01,TEX,1.1,11,"$1,255,000"
2016,29,Sean Doolittle,doolise01,OAK,0.9,9,"$1,580,000"
2016,27,Danny Duffy,duffyda01,KCR,4,40,"$4,225,000"
2016,33,Zach Duke,dukeza01,2TM,2.1,19,"$5,000,000"
2016,26,Ryan Dull,dullry01,OAK,2.3,22,"$507,500"
2016,31,Mike Dunn,dunnmi01,MIA,0.6,6,"$3,450,000"
2016,28,Sam Dyson,dysonsa01,TEX,2.9,23,"$525,270"
2016,29,Josh Edgin,edginjo01,NYM,0,0,"$625,000"
2016,25,Jerad Eickhoff,eickhje01,PHI,3.5,32,"$516,000"
2016,27,Roenis Elias,eliasro01,BOS,-0.4,-7,"$558,000"
2016,26,Nathan Eovaldi,eovalna01,NYY,1.3,14,"$5,600,000"
2016,27,Eduardo Escobar,escobed01,MIN,0,1,"$2,150,000"
2016,32,Marco Estrada,estrama01,TOR,3.6,36,"$11,500,000"
2016,32,Dana Eveland,evelada01,TBR,-1,-10,"$895,000"
2016,26,Jeurys Familia,familje01,NYM,1.8,15,"$4,100,000"
2016,25,Buck Farmer,farmebu01,DET,0.2,3,"$509,500"
2016,29,Danny Farquhar,farquda01,TBR,0.5,6,"$527,000"
2016,23,Andrew Faulkner,faulkan01,TEX,-0.3,-3,"$508,500"
2016,33,Scott Feldman,feldmsc01,2TM,-0.2,-2,"$8,000,000"
2016,28,Neftali Feliz,felizne01,PIT,1,9,"$3,900,000"
2016,23,Jose Fernandez,fernajo02,MIA,4.4,40,"$2,800,000"
2016,30,Josh Fields,fieldjo03,2TM,-0.2,-4,"$900,000"
2016,32,Casey Fien,fienca01,2TM,-0.4,-3,"$2,275,000"
2016,31,Mike Fiers,fiersmi01,HOU,0.1,2,"$524,100"
2016,23,Brandon Finnegan,finnebr01,CIN,2.1,20,"$511,500"
2016,32,Doug Fister,fistedo01,HOU,-0.2,-1,"$7,000,000"
2016,29,Ryan Flaherty,flahery01,BAL,-0.1,-1,"$1,500,000"
2016,33,Gavin Floyd,floydga01,TOR,0.2,3,"$1,000,000"
2016,29,Sam Freeman,freemsa01,MIL,-0.3,-7,"$520,700"
2016,26,Carlos Frias,friasca01,LAD,0.1,2,"$517,500"
2016,30,Yovani Gallardo,gallayo01,BAL,-0.1,0,"$9,000,000"
2016,23,John Gant,gantjo01,ATL,-0.2,-3,"$507,500"
2016,29,Jaime Garcia,garcija02,STL,0.9,8,"$11,500,000"
2016,25,Yimi Garcia,garciyi01,LAD,0.1,1,"$517,500"
2016,32,Matt Garza,garzama01,MIL,-0.4,-4,"$12,500,000"
2016,25,Kevin Gausman,gausmke01,BAL,3.9,38,"$532,000"
2016,30,Cory Gearrin,gearrco01,SFG,-0.1,0,"$550,000"
2016,30,Dillon Gee,geedi01,KCR,0.5,7,"$2,000,000"
2016,28,Steve Geltz,geltzst01,TBR,-0.2,-3,"$519,300"
2016,28,Kyle Gibson,gibsoky01,MIN,0.9,10,"$587,500"
2016,25,Ken Giles,gileske01,HOU,-0.3,1,"$528,200"
2016,28,Ryan Goins,goinsry01,TOR,0.1,1,"$520,200"
2016,28,Jeanmar Gomez,gomezje01,PHI,-0.2,0,"$1,400,000"
2016,30,Gio Gonzalez,gonzagi01,WSN,0.8,7,"$12,000,000"
2016,25,Kendall Graveman,graveke01,OAK,3.5,35,"$512,500"
2016,24,Jon Gray,grayjo02,COL,2,19,"$509,500"
2016,26,Sonny Gray,grayso01,OAK,-0.3,-3,"$527,500"
2016,27,Shane Greene,greensh02,DET,-0.4,-2,"$517,000"
2016,32,Luke Gregerson,gregelu01,HOU,0.5,6,"$6,250,000"
2016,32,Zack Greinke,greinza01,ARI,2.5,24,"$34,000,000"
2016,39,Jason Grilli,grillja01,2TM,0.4,5,"$3,500,000"
2016,27,Justin Grimm,grimmju01,CHC,0.2,2,"$1,275,000"
2016,28,Jason Gurka,gurkaja01,COL,-0.3,-4,"$660,000"
2016,32,Cole Hamels,hamelco01,TEX,5.2,50,"$23,500,000"
2016,33,Jason Hammel,hammeja01,CHC,1.4,13,"$9,000,000"
2016,33,J.A. Happ,happja01,TOR,4.5,44,"$10,000,000"
2016,29,Blaine Hardy,hardybl01,DET,0.4,5,"$520,500"
2016,31,Will Harris,harriwi10,HOU,1.6,15,"$525,500"
2016,27,Matt Harvey,harvema01,NYM,-0.1,-2,"$4,325,000"
2016,31,Chris Hatcher,hatchch02,LAD,-0.6,-6,"$1,065,000"
2016,25,Andrew Heaney,heanean01,LAA,0,0,"$515,000"
2016,29,Jeremy Hellickson,hellije01,PHI,2.9,27,"$7,000,000"
2016,33,Jim Henderson,hendeji01,NYM,0.1,1,"$600,000"
2016,26,Kyle Hendricks,hendrky01,CHC,5.4,49,"$541,000"
2016,27,Liam Hendriks,hendrli01,OAK,0.7,8,"$523,400"
2016,31,David Hernandez,hernada01,PHI,0.9,9,"$3,900,000"
2016,30,Felix Hernandez,hernafe02,SEA,1.3,14,"$25,857,000"
2016,26,Kelvin Herrera,herreke01,KCR,2,18,"$2,550,000"
2016,28,Chris Heston,hestoch01,SFG,-0.4,-3,"$530,000"
2016,36,Rich Hill,hillri01,2TM,4.3,39,"$6,000,000"
2016,30,Dalier Hinojosa,hinojda01,PHI,0.2,2,"$514,000"
2016,32,Luke Hochevar,hochelu01,KCR,0.4,4,"$5,500,000"
2016,28,Bryan Holaday,holadbr01,2TM,0,1,"$519,000"
2016,29,Derek Holland,hollade01,TEX,0.8,8,"$10,000,000"
2016,27,Tyler Holt,holtty01,CIN,0,1,"$507,500"
2016,28,J.J. Hoover,hoovejj01,CIN,-1.6,-18,"$1,400,000"
2016,33,J.P. Howell,howeljp01,LAD,0.3,4,"$6,250,000"
2016,29,Daniel Hudson,hudsoda01,ARI,-0.5,-3,"$2,700,000"
2016,30,Jared Hughes,hugheja02,PIT,0.9,9,"$2,175,000"
2016,30,Phil Hughes,hugheph01,MIN,-0.1,-1,"$9,200,000"
2016,29,Tommy Hunter,hunteto02,2TM,0.6,6,"$2,000,000"
2016,25,Drew Hutchison,hutchdr01,2TM,0,0,"$2,200,000"
2016,26,Raisel Iglesias,iglesra01,CIN,2.7,23,"$3,214,286"
2016,35,Hisashi Iwakuma,iwakuhi01,SEA,2.4,25,"$11,000,000"
2016,32,Edwin Jackson,jacksed01,2TM,-0.6,-7,"$507,500"
2016,28,Kenley Jansen,janseke01,LAD,2.8,22,"$10,650,000"
2016,28,Jeremy Jeffress,jeffrje01,2TM,1.8,15,"$519,100"
2016,29,Dan Jennings,jennida01,CHW,1.6,16,"$810,000"
2016,31,Kevin Jepsen,jepseke01,2TM,-0.9,-6,"$5,312,500"
2016,32,Ubaldo Jimenez,jimenub01,BAL,-0.4,-4,"$13,000,000"
2016,33,Jim Johnson,johnsji04,ATL,1.4,12,"$2,500,000"
2016,30,Nate Jones,jonesna01,CHW,2.3,19,"$900,000"
2016,26,Taylor Jungmann,jungmta01,MIL,-0.7,-8,"$518,500"
2016,28,Nate Karns,karnsna01,SEA,0.1,1,"$523,700"
2016,32,Scott Kazmir,kazmisc01,LAD,0.5,4,"$12,666,667"
2016,23,Keone Kela,kelake01,TEX,-0.4,-3,"$518,000"
2016,32,Shawn Kelley,kellesh01,WSN,1.5,13,"$4,000,000"
2016,28,Joe Kelly,kellyjo05,BOS,-0.1,0,"$2,600,000"
2016,31,Ian Kennedy,kenneia01,KCR,4.3,42,"$7,500,000"
2016,28,Clayton Kershaw,kershcl01,LAD,5.8,51,"$34,571,429"
2016,28,Dallas Keuchel,keuchda01,HOU,0.3,4,"$7,250,000"
2016,28,Craig Kimbrel,kimbrcr01,BOS,0.8,8,"$11,250,000"
2016,27,Phil Klein,kleinph01,2TM,-0.3,-4,"$509,500"
2016,30,Corey Kluber,klubeco01,CLE,5.6,54,"$4,700,000"
2016,24,Corey Knebel,knebeco01,MIL,-0.2,-1,"$513,000"
2016,30,Tom Koehler,koehlto01,MIA,0.7,6,"$3,500,000"
2016,31,George Kontos,kontoge01,SFG,0.8,8,"$1,150,000"
2016,36,Erik Kratz,kratzer01,2TM,0,-1,"$850,000"
2016,37,John Lackey,lackejo01,CHC,2.9,27,"$16,000,000"
2016,25,John Lamb,lambjo02,CIN,-0.8,-9,"$507,500"
2016,28,Mat Latos,latosma01,2TM,0.1,2,"$3,000,000"
2016,31,Tommy Layne,layneto01,2TM,0.8,8,"$563,750"
2016,28,Mike Leake,leakemi01,STL,0.6,5,"$12,000,000"
2016,27,Arnold Leon,leonar01,TOR,-0.2,-1,"$510,500"
2016,32,Jon Lester,lestejo01,CHC,5.6,51,"$25,000,000"
2016,36,Colby Lewis,lewisco01,TEX,2.4,24,"$6,000,000"
2016,32,Tim Lincecum,linceti01,LAA,-1.6,-19,"$2,500,000"
2016,32,Francisco Liriano,liriafr01,2TM,0.2,2,"$13,666,667"
2016,26,Kyle Lobstein,lobstky01,PIT,0.4,4,"$520,000"
2016,28,Jeff Locke,lockeje01,PIT,-0.3,-4,"$3,025,000"
2016,31,Boone Logan,loganbo02,COL,0.6,6,"$6,250,000"
2016,38,Javier Lopez,lopezja02,SFG,0.2,2,"$5,000,000"
2016,24,Michael Lorenzen,lorenmi01,CIN,1.3,12,"$516,500"
2016,28,Aaron Loup,loupaa01,TOR,0,0,"$1,050,000"
2016,33,Mark Lowe,lowema01,DET,-1,-11,"$5,500,000"
2016,31,Cory Luebke,luebkco01,PIT,-0.3,-4,"$1,000,000"
2016,25,Jordan Lyles,lylesjo01,COL,-0.9,-9,"$2,975,000"
2016,28,Tyler Lyons,lyonsty01,STL,0.8,9,"$512,500"
2016,35,Ryan Madson,madsory01,OAK,1.3,12,"$6,666,667"
2016,28,Kenta Maeda,maedake01,LAD,2.8,26,"$3,125,000"
2016,27,Seth Maness,manesse01,STL,0.3,3,"$1,400,000"
2016,31,Jeff Manship,manshje01,CLE,0.4,5,"$760,000"
2016,27,Michael Mariot,mariomi01,PHI,-0.3,-2,"$512,500"
2016,24,Carlos Martinez,martica04,STL,5.6,51,"$539,000"
2016,25,Nick Martinez,martini01,TEX,0.1,1,"$519,190"
2016,25,Steven Matz,matzst01,NYM,2.5,23,"$515,750"
2016,25,Brandon Maurer,maurebr01,SDP,-0.2,0,"$526,400"
2016,26,Trevor May,maytr01,MIN,-0.1,1,"$545,000"
2016,28,Zach McAllister,mcallza01,CLE,0.9,10,"$1,300,000"
2016,32,Brandon McCarthy,mccarbr01,LAD,0,-1,"$12,500,000"
2016,22,Lance McCullers Jr.,mcculla02,HOU,1.5,15,"$516,700"
2016,27,T.J. McFarland,mcfartj01,BAL,-0.4,-5,"$523,500"
2016,29,Jake McGee,mcgeeja01,COL,0.3,3,"$4,800,000"
2016,34,Dustin McGowan,mcgowdu01,MIA,0.8,9,"$1,000,000"
2016,29,Collin McHugh,mchugco01,HOU,0.9,10,"$529,000"
2016,30,Kris Medlen,medlekr01,KCR,-0.9,-11,"$5,500,000"
2016,31,Mark Melancon,melanma01,2TM,2.8,23,"$9,650,000"
2016,29,Wade Miley,mileywa01,2TM,0,1,"$6,167,000"
2016,31,Andrew Miller,millean01,2TM,3.8,31,"$9,000,000"
2016,29,Justin Miller,milleju02,COL,0,-1,"$509,500"
2016,25,Shelby Miller,millesh01,ARI,-0.4,-4,"$4,350,000"
2016,29,Tommy Milone,milonto01,MIN,-0.6,-6,"$4,500,000"
2016,25,Bryan Mitchell,mitchbr01,NYY,0.4,4,"$516,650"
2016,32,Miguel Montero,montemi01,CHC,0,0,"$14,000,000"
2016,26,Mike Montgomery,montgmi01,2TM,2.1,22,"$515,000"
2016,27,Matt Moore,moorema02,2TM,2.1,21,"$5,000,000"
2016,30,Franklin Morales,moralfr01,TOR,-0.2,-2,"$2,000,000"
2016,25,Mike Morin,morinmi01,LAA,-0.4,-2,"$520,000"
2016,29,Bryan Morris,morribr01,MIA,0.2,2,"$1,350,000"
2016,32,Charlie Morton,mortoch02,PHI,0.3,3,"$8,000,000"
2016,24,Jon Moscot,moscojo01,CIN,-0.7,-8,"$508,000"
2016,34,Jason Motte,motteja01,COL,-0.1,0,"$5,000,000"
2016,34,Chris Narveson,narvech01,MIA,-0.5,-4,"$1,200,000"
2016,27,Jimmy Nelson,nelsoji02,MIL,0.3,2,"$522,300"
2016,27,Hector Neris,nerishe01,PHI,2.1,18,"$515,000"
2016,35,Pat Neshek,neshepa01,HOU,0.5,6,"$6,500,000"
2016,29,Juan Nicasio,nicasju01,PIT,0.4,4,"$3,000,000"
2016,29,Jon Niese,niesejo01,2TM,0.1,-2,"$9,000,000"
2016,23,Aaron Nola,nolaaa01,PHI,0,-1,"$517,500"
2016,33,Ricky Nolasco,nolasri01,2TM,1.9,20,"$12,000,000"
2016,31,Bud Norris,norribu01,2TM,-0.1,-2,"$2,500,000"
2016,23,Daniel Norris,norrida01,DET,1.7,16,"$514,500"
2016,29,Ivan Nova,novaiv01,2TM,1.9,19,"$4,100,000"
2016,28,Vidal Nuno III,nunovi01,SEA,0.9,10,"$532,900"
2016,33,Darren O'Day,odayda01,BAL,0.5,5,"$6,000,000"
2016,31,Eric O'Flaherty,oflaher01,ATL,-0.9,-8,"$1,750,000"
2016,26,Brett Oberholtzer,oberhbr01,2TM,-0.5,-8,"$518,000"
2016,26,Jake Odorizzi,odorija01,TBR,3.2,32,"$520,700"
2016,32,Alexi Ogando,ogandal01,ATL,0,0,"$2,000,000"
2016,33,Seunghwan Oh,ohse01,STL,2.9,23,"$2,500,000"
2016,33,Ross Ohlendorf,ohlenro01,CIN,0.2,3,"$800,000"
2016,27,Josh Osich,osichjo01,SFG,-0.1,0,"$512,500"
2016,21,Roberto Osuna,osunaro01,TOR,2.1,18,"$516,100"
2016,31,Dan Otero,oteroda01,CLE,2.5,27,"$520,000"
2016,30,Adam Ottavino,ottavad01,COL,1,8,"$1,300,000"
2016,35,Jonathan Papelbon,papeljo01,WSN,0,1,"$11,000,000"
2016,35,Jake Peavy,peavyja01,SFG,-1.1,-12,"$15,000,000"
2016,32,Mike Pelfrey,pelfrmi01,DET,0.2,2,"$8,000,000"
2016,27,Ariel Pena,penaar01,MIL,-0.2,-4,"$510,100"
2016,40,Joel Peralta,peraljo01,2TM,-0.6,-4,"$1,250,000"
2016,27,Wily Peralta,peralwi01,MIL,0.4,4,"$2,800,000"
2016,23,Luis Perdomo,perdolu02,SDP,-1.2,-14,"$507,500"
2016,25,Martin Perez,perezma02,TEX,2,21,"$2,900,000"
2016,34,Oliver Perez,perezol01,WSN,0,1,"$3,000,000"
2016,25,Williams Perez,perezwi01,ATL,-0.5,-6,"$511,250"
2016,33,Glen Perkins,perkigl01,MIN,-0.1,-1,"$6,300,000"
2016,31,Yusmeiro Petit,petityu01,WSN,0.1,2,"$2,500,000"
2016,28,Jake Petricka,petrija01,CHW,-0.1,0,"$535,000"
2016,28,Josh Phegley,phegljo01,OAK,0,0,"$512,500"
2016,29,David Phelps,phelpda01,MIA,2.7,24,"$2,500,000"
2016,27,Michael Pineda,pinedmi01,NYY,1.1,13,"$4,300,000"
2016,27,Drew Pomeranz,pomerdr01,2TM,3.8,35,"$1,350,000"
2016,27,Rick Porcello,porceri01,BOS,4.7,46,"$20,125,000"
2016,27,Ryan Pressly,pressry01,MIN,1.2,12,"$520,000"
2016,30,David Price,priceda01,BOS,2.9,30,"$30,000,000"
2016,28,Zach Putnam,putnaza01,CHW,0.7,8,"$975,000"
2016,27,Kevin Quackenbush,quackke01,SDP,0.5,6,"$521,200"
2016,37,Chad Qualls,quallch01,COL,-0.1,-2,"$2,250,000"
2016,27,Jose Quintana,quintjo01,CHW,5.3,51,"$5,400,000"
2016,26,Erasmo Ramirez,ramirer02,TBR,0.9,11,"$2,375,000"
2016,26,Jose Ramirez,ramirjo02,ATL,0.1,2,"$507,500"
2016,27,Neil Ramirez,ramirne01,3TM,-0.2,-2,"$524,500"
2016,26,Noe Ramirez,ramirno01,BOS,-0.2,-2,"$509,500"
2016,29,AJ Ramos,ramosaj01,MIA,1.3,11,"$3,400,000"
2016,28,Cory Rasmus,rasmuco02,LAA,-0.2,-3,"$514,500"
2016,28,Josh Ravin,ravinjo01,LAD,0.3,4,"$515,000"
2016,24,Robbie Ray,rayro02,ARI,1,9,"$521,000"
2016,25,Colin Rea,reaco01,2TM,-0.2,-3,"$510,200"
2016,27,Addison Reed,reedad01,NYM,2.7,22,"$5,300,000"
2016,32,Clayton Richard,richacl01,2TM,0.4,3,"$2,000,000"
2016,28,Garrett Richards,richaga01,LAA,0.4,4,"$6,425,000"
2016,29,Tanner Roark,roarkta01,WSN,5.5,50,"$543,400"
2016,31,David Robertson,roberda08,CHW,1.2,11,"$11,000,000"
2016,25,Hansel Robles,robleha01,NYM,0.8,8,"$516,500"
2016,39,Fernando Rodney,rodnefe01,2TM,1,7,"$1,600,000"
2016,23,Carlos Rodon,rodonca01,CHW,1.7,18,"$518,000"
2016,23,Eduardo Rodriguez,rodried05,BOS,0.4,4,"$521,000"
2016,32,Fernando Rodriguez Jr.,rodrife02,OAK,0.4,5,"$1,050,000"
2016,34,Francisco Rodriguez,rodrifr03,DET,1.3,11,"$7,500,000"
2016,29,Chaz Roe,roech01,2TM,0.4,4,"$720,000"
2016,25,Enny Romero,romeren01,TBR,-0.6,-6,"$510,000"
2016,30,Andrew Romine,rominan01,DET,0,0,"$900,000"
2016,33,Sergio Romo,romose01,SFG,0.7,6,"$9,000,000"
2016,28,Hector Rondon,rondohe01,CHC,0.5,5,"$4,200,000"
2016,26,Trevor Rosenthal,rosentr01,STL,0,1,"$5,600,000"
2016,23,Joe Ross,rossjo01,WSN,2,18,"$514,400"
2016,27,Robbie Ross,rossro01,BOS,0.8,9,"$1,250,000"
2016,29,Tyson Ross,rossty01,SDP,-0.3,-5,"$9,625,000"
2016,29,Chris Rusin,rusinch01,COL,1.9,18,"$512,500"
2016,30,James Russell,russeja02,PHI,-0.6,-7,"$1,500,000"
2016,24,Kyle Ryan,ryanky01,DET,1.1,13,"$509,500"
2016,29,Hyun-Jin Ryu,ryuhy01,LAD,-0.3,-4,"$7,833,000"
2016,30,Marc Rzepczynski,rzepcma01,2TM,1.2,12,"$2,950,000"
2016,35,CC Sabathia,sabatc.01,NYY,3.1,31,"$25,000,000"
2016,31,Fernando Salas,salasfe01,2TM,0.5,6,"$2,400,000"
2016,26,Danny Salazar,salazda01,CLE,2.5,25,"$536,200"
2016,27,Chris Sale,salech01,CHW,4.9,48,"$9,150,000"
2016,31,Jeff Samardzija,samarje01,SFG,2.6,24,"$10,800,000"
2016,25,Keyvius Sampson,sampske01,CIN,-0.1,-1,"$507,500"
2016,23,Aaron Sanchez,sanchaa01,TOR,5.1,49,"$517,800"
2016,32,Anibal Sanchez,sanchan01,DET,-0.9,-8,"$16,800,000"
2016,33,Ervin Santana,santaer01,MIN,4,39,"$13,500,000"
2016,28,Hector Santiago,santihe01,2TM,1.1,12,"$5,000,000"
2016,23,Luis Sardinas,sardilu01,SEA,0,1,"$512,000"
2016,29,Tanner Scheppers,schepta01,TEX,0.1,1,"$900,000"
2016,31,Max Scherzer,scherma01,WSN,6.2,56,"$22,143,000"
2016,30,Bo Schultz,schulbo02,TOR,-0.1,-1,"$513,300"
2016,30,Evan Scribner,scribev01,SEA,0.8,7,"$807,500"
2016,22,Luis Severino,severlu01,NYY,-0.4,-3,"$521,300"
2016,28,Bryan Shaw,shawbr01,CLE,1.2,12,"$2,750,000"
2016,34,James Shields,shielja02,2TM,-1.2,-15,"$21,000,000"
2016,29,Matt Shoemaker,shoemma01,LAA,2.1,22,"$530,000"
2016,25,Chasen Shreve,shrevch01,NYY,0,1,"$533,400"
2016,29,JB Shuck,shuckja01,CHW,0,0,"$521,000"
2016,26,Kevin Siegrist,siegrke01,STL,1.8,14,"$539,000"
2016,25,Shae Simmons,simmosh01,ATL,0.2,3,"$508,000"
2016,35,Alfredo Simon,simonal01,CIN,-2.2,-27,"$2,000,000"
2016,32,Tony Sipp,sippto01,HOU,-0.4,-4,"$6,000,000"
2016,24,Tyler Skaggs,skaggty01,LAA,0.7,7,"$515,000"
2016,26,Carson Smith,smithca02,BOS,0,0,"$529,000"
2016,32,Joe Smith,smithjo05,2TM,0.6,7,"$5,250,000"
2016,26,Will Smith,smithwi04,2TM,0.2,2,"$1,475,000"
2016,27,Drew Smyly,smylydr01,TBR,0.1,2,"$3,750,000"
2016,32,Joakim Soria,soriajo01,KCR,0.5,7,"$7,000,000"
2016,28,Drew Storen,storedr01,2TM,-0.3,-2,"$8,375,000"
2016,27,Dan Straily,straida01,CIN,4.1,38,"$512,100"
2016,27,Stephen Strasburg,strasst01,WSN,3.4,31,"$10,400,000"
2016,32,Huston Street,streehu01,LAA,-0.6,-4,"$8,000,000"
2016,27,Hunter Strickland,strichu01,SFG,1.1,10,"$517,500"
2016,25,Marcus Stroman,stromma01,TOR,1.4,16,"$515,900"
2016,31,Pedro Strop,stroppe01,CHC,0.8,8,"$4,400,000"
2016,25,Daniel Stumpf,stumpda01,PHI,-0.4,-3,"$507,500"
2016,23,Noah Syndergaard,syndeno01,NYM,5,45,"$535,375"
2016,27,Masahiro Tanaka,tanakma01,NYY,5.2,50,"$22,000,000"
2016,30,Junichi Tazawa,tazawju01,BOS,0.3,4,"$3,375,000"
2016,25,Julio Teheran,teherju01,ATL,4.7,43,"$3,300,000"
2016,26,Ruben Tejada,tejadru01,2TM,-0.1,-1,"$1,500,000"
2016,28,Ryan Tepera,teperry01,TOR,0.2,2,"$512,200"
2016,27,Tyler Thornburg,thornty01,MIL,2.5,19,"$513,900"
2016,39,Matt Thornton,thornma01,SDP,-0.2,-3,"$1,600,000"
2016,28,Chris Tillman,tillmch01,BAL,3.5,35,"$6,225,000"
2016,28,Shawn Tolleson,tollesh01,TEX,-1.3,-10,"$3,275,000"
2016,31,Josh Tomlin,tomlijo01,CLE,1.1,12,"$2,250,000"
2016,26,Michael Tonkin,tonkimi01,MIN,-0.3,-2,"$515,000"
2016,33,Carlos Torres,torreca01,MIL,2.2,20,"$950,000"
2016,28,Blake Treinen,treinbl01,WSN,2,17,"$524,900"
2016,25,Jacob Turner,turneja01,CHW,-1.2,-13,"$1,500,000"
2016,41,Koji Uehara,ueharko01,BOS,0.7,8,"$9,000,000"
2016,33,Jason Vargas,vargaja01,KCR,0.5,5,"$8,500,000"
2016,24,Felipe Vazquez,riverfe01,2TM,0.2,3,"$516,100"
2016,24,Vince Velasquez,velasvi01,PHI,1.7,16,"$516,000"
2016,25,Yordano Ventura,ventuyo01,KCR,2,21,"$1,200,000"
2016,25,Drew VerHagen,verhadr01,DET,-0.3,-3,"$509,500"
2016,33,Justin Verlander,verlaju01,DET,7.4,69,"$28,000,000"
2016,26,Logan Verrett,verrelo01,NYM,-0.3,-4,"$514,875"
2016,32,Carlos Villanueva,villaca01,SDP,-1.1,-11,"$1,500,000"
2016,29,Nick Vincent,vinceni01,SEA,0.6,7,"$525,500"
2016,25,Arodys Vizcaino,vizcaar01,ATL,-0.6,-4,"$897,500"
2016,38,Ryan Vogelsong,vogelry01,PIT,-0.1,-2,"$2,000,000"
2016,32,Edinson Volquez,volqued01,KCR,-0.6,-5,"$9,500,000"
2016,24,Michael Wacha,wachami01,STL,-0.2,-3,"$539,000"
2016,34,Adam Wainwright,wainwad01,STL,1.3,12,"$19,500,000"
2016,23,Taijuan Walker,walketa01,SEA,0.3,4,"$528,600"
2016,28,Adam Warren,warread01,2TM,-0.4,-2,"$1,700,000"
2016,31,Tony Watson,watsoto01,PIT,1.3,12,"$3,450,000"
2016,33,Jered Weaver,weaveje02,LAA,-0.6,-6,"$20,000,000"
2016,30,Ryan Webb,webbry01,TBR,-0.1,-2,"$1,000,000"
2016,25,Tyler White,whitety01,HOU,0,0,"$507,500"
2016,27,Chase Whitley,whitlch01,TBR,0.1,1,"$524,525"
2016,26,Joe Wieland,wielajo01,SEA,-0.2,-3,"$590,000"
2016,32,Tom Wilhelmsen,wilheto01,2TM,-0.9,-8,"$3,100,000"
2016,29,Alex Wilson,wilsoal01,DET,2,19,"$522,500"
2016,28,Justin Wilson,wilsoju10,DET,0.6,7,"$1,525,000"
2016,26,Dan Winkler,winklda01,ATL,0.2,1,"$508,500"
2016,23,Matt Wisler,wislema01,ATL,0.5,4,"$507,500"
2016,27,Chris Withrow,withrch01,ATL,0.5,5,"$610,000"
2016,25,Alex Wood,woodal02,LAD,0.4,4,"$530,000"
2016,30,Blake Wood,woodbl01,CIN,0.5,5,"$600,000"
2016,29,Travis Wood,woodtr01,CHC,0.6,6,"$6,175,000"
2016,28,Vance Worley,worleva01,BAL,1.4,16,"$2,600,000"
2016,26,Mike Wright,wrighmi01,BAL,-0.5,-5,"$510,500"
2016,31,Steven Wright,wrighst01,BOS,1.9,20,"$514,500"
2016,29,Kirby Yates,yateski01,NYY,-0.1,0,"$511,900"
2016,37,Chris Young,youngch03,KCR,-0.9,-9,"$4,250,000"
2016,36,Brad Ziegler,zieglbr01,2TM,2.2,18,"$5,500,000"
2016,30,Jordan Zimmermann,zimmejo02,DET,0.5,5,"$18,000,000"
2016,25,Tony Zych,zychto01,SEA,0.1,1,"$511,000"
2017,31,Fernando Abad,abadfe01,BOS,0.5,7,"$2,000,000"
2017,34,Matt Albers,alberma01,WSN,2.5,25,"$1,150,000"
2017,24,Raul Alcantara,alcanra01,OAK,-0.3,-5,"$535,000"
2017,28,Cody Allen,allenco01,CLE,1.6,15,"$7,350,000"
2017,24,Dan Altavilla,altavda01,SEA,-0.1,0,"$536,100"
2017,28,Dario Alvarez,alvarda01,TEX,0.2,3,"$538,790"
2017,28,Jose Alvarez,alvarjo02,LAA,0.2,4,"$557,500"
2017,29,Brett Anderson,anderbr04,2TM,-0.5,-5,"$3,500,000"
2017,29,Chase Anderson,anderch01,MIL,4.3,41,"$2,450,000"
2017,27,Tyler Anderson,anderty01,COL,1.4,14,"$540,000"
2017,27,Matt Andriese,andrima01,TBR,0.1,2,"$547,500"
2017,35,Nori Aoki,aokino01,2TM,-0.1,-2,"$5,500,000"
2017,28,Chris Archer,archech01,TBR,1.3,16,"$4,916,666"
2017,26,Shawn Armstrong,armstsh01,CLE,0.1,2,"$535,700"
2017,31,Jake Arrieta,arrieja01,CHC,1.9,20,"$15,637,500"
2017,40,Bronson Arroyo,arroybr01,CIN,-1.5,-17,"$535,000"
2017,25,Barrett Astin,astinba01,CIN,-0.1,-2,"$535,000"
2017,27,Luis Avilan,avilalu01,LAD,0.7,8,"$1,500,000"
2017,34,John Axford,axforjo01,OAK,-0.3,-3,"$5,500,000"
2017,33,Erick Aybar,aybarer01,SDP,0.1,1,"$1,750,000"
2017,29,Pedro Baez,baezpe01,LAD,0.7,8,"$550,000"
2017,33,Andrew Bailey,bailean01,LAA,0.2,2,"$1,000,000"
2017,31,Homer Bailey,baileho02,CIN,-0.9,-9,"$19,000,000"
2017,27,Jacob Barnes,barneja01,MIL,0.5,7,"$537,700"
2017,27,Matt Barnes,barnema01,BOS,0.7,9,"$563,500"
2017,33,Tony Barnette,barneto01,TEX,-0.1,1,"$1,750,000"
2017,27,Kyle Barraclough,barraky01,MIA,0.8,10,"$536,500"
2017,25,Jake Barrett,barreja01,ARI,-0.2,-2,"$548,300"
2017,31,Antonio Bastardo,bastaan01,PIT,-0.7,-10,"$6,625,000"
2017,26,Trevor Bauer,bauertr01,CLE,2.9,31,"$3,550,000"
2017,29,Buddy Baumann,baumabu01,SDP,0.5,5,"$535,700"
2017,25,Cam Bedrosian,bedroca01,LAA,-0.3,0,"$555,000"
2017,37,Matt Belisle,belisma01,MIN,0.1,4,"$2,050,000"
2017,39,Joaquin Benoit,benoijo01,2TM,0,2,"$7,500,000"
2017,29,Dellin Betances,betande01,NYY,1.5,15,"$3,000,000"
2017,25,Christian Bethancourt,bethach01,SDP,-0.3,-7,"$541,800"
2017,28,Chad Bettis,bettich01,COL,0.6,7,"$545,000"
2017,27,Joe Biagini,biagijo01,TOR,-0.3,0,"$543,000"
2017,26,Ty Blach,blachty01,SFG,1.5,17,"$536,500"
2017,33,Andres Blanco,blancan01,PHI,0,-1,"$3,000,000"
2017,36,Joe Blanton,blantjo01,WSN,-0.2,-2,"$4,000,000"
2017,33,Jerry Blevins,blevije01,NYM,1.4,13,"$5,500,000"
2017,26,Matt Bowman,bowmama01,STL,0.2,4,"$546,600"
2017,29,Brad Boxberger,boxbebr01,TBR,0.4,5,"$1,600,000"
2017,26,Matthew Boyd,boydma01,DET,1.3,15,"$544,200"
2017,31,Brad Brach,brachbr01,BAL,1.2,13,"$3,050,000"
2017,24,Archie Bradley,bradlar01,ARI,3.5,30,"$544,100"
2017,36,Craig Breslow,breslcr01,2TM,0,0,"$1,250,000"
2017,25,Austin Brice,briceau01,CIN,-0.1,0,"$535,000"
2017,29,Zack Britton,brittza01,BAL,1,10,"$11,400,000"
2017,33,Jonathan Broxton,broxtjo01,STL,-0.3,-3,"$3,750,000"
2017,32,Clay Buchholz,buchhcl01,PHI,-0.4,-5,"$13,500,000"
2017,30,Ryan Buchter,buchtry01,2TM,1.2,14,"$544,700"
2017,27,Madison Bumgarner,bumgama01,SFG,3.1,30,"$11,500,000"
2017,31,Matt Bush,bushma01,TEX,0.3,5,"$544,920"
2017,29,Trevor Cahill,cahiltr01,2TM,0.3,3,"$1,750,000"
2017,32,Matt Cain,cainma01,SFG,-0.4,-3,"$21,000,000"
2017,26,Carter Capps,cappsca01,SDP,-0.1,-2,"$987,500"
2017,30,Carlos Carrasco,carraca01,CLE,5.2,52,"$6,500,000"
2017,30,Andrew Cashner,cashnan01,TEX,4.7,46,"$10,000,000"
2017,36,Santiago Casilla,garcija01,OAK,0.5,7,"$5,000,000"
2017,30,Brett Cecil,cecilbr01,STL,0.5,7,"$7,750,000"
2017,30,Xavier Cedeno,cedenxa01,TBR,-0.6,-3,"$1,300,000"
2017,29,Jhoulys Chacin,chacijh01,SDP,2.6,28,"$1,750,000"
2017,27,Andrew Chafin,chafian01,ARI,1,11,"$559,300"
2017,29,Aroldis Chapman,chapmar01,NYY,1,10,"$17,200,000"
2017,27,Tyler Chatwood,chatwty01,COL,2.2,24,"$4,400,000"
2017,33,Jesse Chavez,chaveje01,LAA,-0.2,0,"$5,750,000"
2017,31,Wei-Yin Chen,chenwe02,MIA,0.4,5,"$15,500,000"
2017,27,Tony Cingrani,cingrto01,2TM,0,1,"$1,825,000"
2017,31,Steve Cishek,cishest01,2TM,1.5,14,"$6,000,000"
2017,25,Alex Claudio,claudal01,TEX,2.9,28,"$545,050"
2017,32,Tyler Clippard,clippty01,3TM,0.1,2,"$6,150,000"
2017,29,Alex Cobb,cobbal01,TBR,2.3,25,"$4,200,000"
2017,26,Gerrit Cole,colege01,PIT,2.6,28,"$3,750,000"
2017,31,Josh Collmenter,collmjo01,ATL,-0.8,-9,"$1,200,000"
2017,28,Alex Colome,colomal01,TBR,0.7,8,"$547,900"
2017,44,Bartolo Colon,colonba01,2TM,-1.9,-23,"$12,500,000"
2017,27,Adam Conley,conlead01,MIA,-1.4,-14,"$537,500"
2017,27,Patrick Corbin,corbipa01,ARI,2.6,28,"$3,950,000"
2017,27,Jarred Cosart,cosarja01,SDP,0,0,"$566,300"
2017,25,Jharel Cotton,cottojh01,OAK,-0.7,-6,"$535,000"
2017,27,Danny Coulombe,couloda01,OAK,0.8,10,"$537,500"
2017,25,Dylan Covey,coveydy01,CHW,-1.3,-15,"$535,000"
2017,31,Johnny Cueto,cuetojo01,SFG,2,21,"$21,833,333"
2017,30,Yu Darvish,darviyu01,2TM,4.1,42,"$11,000,000"
2017,24,Zach Davies,davieza02,MIL,3,32,"$546,200"
2017,24,Rookie Davis,davisro03,CIN,-0.9,-11,"$535,000"
2017,31,Wade Davis,daviswa01,CHC,1.8,16,"$10,000,000"
2017,29,Grant Dayton,daytogr01,LAD,-0.1,-1,"$540,000"
2017,36,Jorge De La Rosa,rosajo01,ARI,0.6,7,"$2,250,000"
2017,29,Jacob deGrom,degroja01,NYM,4.2,43,"$4,050,000"
2017,27,Randall Delgado,delgara01,ARI,0.6,7,"$1,775,000"
2017,30,Daniel Descalso,descada01,ARI,0.1,1,"$1,350,000"
2017,30,Odrisamer Despaigne,despaod01,MIA,0.1,2,"$535,000"
2017,26,Chris Devenski,devench02,HOU,1.9,18,"$554,500"
2017,23,Edwin Diaz,diazed04,SEA,0.8,9,"$545,000"
2017,26,Jairo Diaz,diazja01,COL,-0.1,-3,"$540,000"
2017,33,Jumbo Diaz,diazju03,TBR,-0.7,-4,"$557,500"
2017,22,Miguel Diaz,diazmi02,SDP,-0.8,-10,"$535,000"
2017,42,R.A. Dickey,dicker.01,ATL,2.2,24,"$7,500,000"
2017,30,Jake Diekman,diekmja01,TEX,0.4,4,"$2,550,000"
2017,30,Sean Doolittle,doolise01,2TM,1.4,13,"$2,630,000"
2017,30,Oliver Drake,drakeol01,2TM,0.1,2,"$538,000"
2017,34,Brian Duensing,duensbr01,CHC,1.4,16,"$2,000,000"
2017,26,Tyler Duffey,duffety01,MIN,-0.3,0,"$542,500"
2017,28,Danny Duffy,duffyda01,KCR,3.6,36,"$5,000,000"
2017,34,Zach Duke,dukeza01,STL,0.2,3,"$5,500,000"
2017,27,Ryan Dull,dullry01,OAK,-0.7,-5,"$540,000"
2017,32,Mike Dunn,dunnmi01,COL,0.7,8,"$4,000,000"
2017,29,Sam Dyson,dysonsa01,2TM,-1.1,-8,"$3,520,000"
2017,30,Josh Edgin,edginjo01,NYM,0.6,7,"$675,000"
2017,25,Carl Edwards Jr.,edwarca01,CHC,1.6,15,"$556,000"
2017,26,Jerad Eickhoff,eickhje01,PHI,0.8,10,"$552,000"
2017,28,Roenis Elias,eliasro01,BOS,0,0,"$582,500"
2017,24,Carlos Estevez,estevca01,COL,0,1,"$537,000"
2017,33,Marco Estrada,estrama01,TOR,1.9,21,"$14,500,000"
2017,27,Jeurys Familia,familje01,NYM,0,1,"$7,425,000"
2017,30,Danny Farquhar,farquda01,2TM,0.3,5,"$900,000"
2017,34,Scott Feldman,feldmsc01,CIN,0.5,6,"$2,300,000"
2017,24,Michael Feliz,felizmi01,HOU,-0.5,-5,"$546,200"
2017,29,Neftali Feliz,felizne01,2TM,-0.9,-6,"$5,350,000"
2017,31,Josh Fields,fieldjo03,LAD,0.9,10,"$1,050,000"
2017,33,Casey Fien,fienca01,2TM,-1.1,-9,"$1,100,000"
2017,32,Mike Fiers,fiersmi01,HOU,-0.5,-3,"$3,450,000"
2017,24,Brandon Finnegan,finnebr01,CIN,0.2,2,"$567,000"
2017,33,Doug Fister,fistedo01,BOS,0.1,3,"$1,750,000"
2017,27,Brian Flynn,flynnbr01,KCR,0,0,"$556,000"
2017,25,Mike Foltynewicz,foltymi01,ATL,1.4,15,"$544,000"
2017,24,Michael Fulmer,fulmemi01,DET,3.5,36,"$551,900"
2017,31,Yovani Gallardo,gallayo01,SEA,-0.3,-2,"$11,000,000"
2017,24,John Gant,gantjo01,STL,0.1,1,"$536,600"
2017,30,Jaime Garcia,garcija02,3TM,1.2,14,"$12,000,000"
2017,33,Matt Garza,garzama01,MIL,-0.1,0,"$12,500,000"
2017,26,Kevin Gausman,gausmke01,BAL,2,23,"$3,450,000"
2017,31,Cory Gearrin,gearrco01,SFG,2.4,26,"$1,050,000"
2017,29,Kyle Gibson,gibsoky01,MIN,0.4,6,"$2,900,000"
2017,26,Ken Giles,gileske01,HOU,2,18,"$550,100"
2017,34,Chris Gimenez,gimench01,MIN,0,-1,"$950,000"
2017,27,Mychal Givens,givenmy01,BAL,2.3,23,"$546,000"
2017,23,Tyler Glasnow,glasnty01,PIT,-1.9,-22,"$541,000"
2017,24,Koda Glover,gloveko01,WSN,-0.1,0,"$538,300"
2017,29,Jeanmar Gomez,gomezje01,PHI,-0.6,-5,"$4,200,000"
2017,31,Gio Gonzalez,gonzagi01,WSN,6.5,63,"$12,000,000"
2017,33,Miguel Gonzalez,gonzami03,2TM,1.6,18,"$5,900,000"
2017,26,Kendall Graveman,graveke01,OAK,1.9,20,"$545,000"
2017,25,Jon Gray,grayjo02,COL,3.2,31,"$540,000"
2017,27,Sonny Gray,grayso01,2TM,2.6,28,"$3,575,000"
2017,28,Shane Greene,greensh02,DET,2.4,23,"$550,600"
2017,33,Luke Gregerson,gregelu01,HOU,0,2,"$6,250,000"
2017,33,Zack Greinke,greinza01,ARI,5.7,56,"$34,000,000"
2017,29,A.J. Griffin,griffaj01,TEX,0,1,"$2,000,000"
2017,40,Jason Grilli,grillja01,2TM,-0.6,-5,"$3,000,000"
2017,28,Justin Grimm,grimmju01,CHC,-0.4,-4,"$1,825,000"
2017,23,Robert Gsellman,gsellro01,NYM,-0.8,-8,"$541,750"
2017,32,Junior Guerra,guerrju02,MIL,-0.1,0,"$546,200"
2017,24,Jandel Gustave,gustaja01,HOU,-0.1,-1,"$537,200"
2017,26,Justin Haley,haleyju01,MIN,-0.1,-2,"$535,000"
2017,33,Cole Hamels,hamelco01,TEX,3,31,"$23,500,000"
2017,34,Jason Hammel,hammeja01,KCR,1.7,19,"$5,000,000"
2017,27,Brad Hand,handbr01,SDP,2.8,24,"$1,375,000"
2017,34,J.A. Happ,happja01,TOR,3.3,33,"$13,000,000"
2017,32,Will Harris,harriwi10,HOU,1,10,"$2,200,000"
2017,26,Donnie Hart,hartdo01,BAL,0.7,8,"$538,500"
2017,28,Matt Harvey,harvema01,NYM,-1,-10,"$5,125,000"
2017,32,Chris Hatcher,hatchch02,2TM,0.4,4,"$1,250,000"
2017,27,Mike Hauschild,hauscmi01,TEX,-0.3,-5,"$535,000"
2017,26,Andrew Heaney,heanean01,LAA,-0.4,-4,"$543,000"
2017,30,Jeremy Hellickson,hellije01,2TM,0.3,3,"$17,200,000"
2017,28,Heath Hembree,hembrhe01,BOS,0.4,6,"$547,000"
2017,27,Kyle Hendricks,hendrky01,CHC,3.5,35,"$760,500"
2017,28,Liam Hendriks,hendrli01,OAK,0.2,4,"$1,100,000"
2017,32,David Hernandez,hernada01,2TM,1,12,"$535,000"
2017,31,Felix Hernandez,hernafe02,SEA,0.7,8,"$26,857,000"
2017,27,Kelvin Herrera,herreke01,KCR,0.3,5,"$5,325,000"
2017,37,Rich Hill,hillri01,LAD,2.2,23,"$12,666,667"
2017,24,Jonathan Holder,holdejo02,NYY,0.5,6,"$536,875"
2017,30,Derek Holland,hollade01,CHW,-1.6,-16,"$6,000,000"
2017,31,Greg Holland,hollagr01,COL,1.5,13,"$6,000,000"
2017,29,J.J. Hoover,hoovejj01,ARI,0.5,6,"$900,000"
2017,34,J.P. Howell,howeljp01,TOR,-0.2,-2,"$3,000,000"
2017,30,Daniel Hudson,hudsoda01,PIT,-0.1,1,"$5,500,000"
2017,31,Jared Hughes,hugheja02,MIL,1.2,14,"$950,000"
2017,31,Phil Hughes,hugheph01,MIN,-0.5,-5,"$13,200,000"
2017,30,Tommy Hunter,hunteto02,TBR,1.3,13,"$1,400,000"
2017,27,Raisel Iglesias,iglesra01,CIN,2.2,21,"$4,214,286"
2017,36,Hisashi Iwakuma,iwakuhi01,SEA,0.3,3,"$14,000,000"
2017,29,Kenley Jansen,janseke01,LAD,3,24,"$10,800,000"
2017,32,Jon Jay,jayjo02,CHC,0,1,"$8,000,000"
2017,29,Jeremy Jeffress,jeffrje01,2TM,0.5,7,"$2,100,000"
2017,30,Dan Jennings,jennida01,2TM,0.9,10,"$1,400,000"
2017,33,Ubaldo Jimenez,jimenub01,BAL,-1.4,-14,"$13,500,000"
2017,34,Jim Johnson,johnsji04,ATL,-1,-6,"$5,000,000"
2017,31,Nate Jones,jonesna01,CHW,0.4,4,"$1,900,000"
2017,27,Taylor Jungmann,jungmta01,MIL,0,-1,"$537,600"
2017,27,Tommy Kahnle,kahnlto01,2TM,1.7,18,"$535,000"
2017,29,Nate Karns,karnsna01,KCR,1,11,"$571,000"
2017,24,Keone Kela,kelake01,TEX,1.3,13,"$543,210"
2017,33,Shawn Kelley,kellesh01,WSN,-0.7,-5,"$5,500,000"
2017,29,Joe Kelly,kellyjo05,BOS,1.3,14,"$2,800,000"
2017,32,Kyle Kendrick,kendrky01,BOS,-0.5,-7,"$1,000,000"
2017,32,Ian Kennedy,kenneia01,KCR,0.7,9,"$13,500,000"
2017,29,Clayton Kershaw,kershcl01,LAD,4.9,48,"$35,571,429"
2017,29,Dallas Keuchel,keuchda01,HOU,3.9,39,"$9,150,000"
2017,29,Craig Kimbrel,kimbrcr01,BOS,3.6,30,"$13,250,000"
2017,32,Brandon Kintzler,kintzbr01,2TM,1.7,16,"$2,925,000"
2017,31,Corey Kluber,klubeco01,CLE,7.9,75,"$7,700,000"
2017,25,Corey Knebel,knebeco01,MIL,3.7,28,"$538,900"
2017,31,Tom Koehler,koehlto01,2TM,-1.1,-13,"$5,750,000"
2017,32,George Kontos,kontoge01,2TM,1.2,13,"$1,750,000"
2017,26,Ian Krol,krolia01,ATL,-0.5,-5,"$900,000"
2017,24,Chad Kuhl,kuhlch01,PIT,1.5,16,"$550,000"
2017,38,John Lackey,lackejo01,CHC,1,12,"$16,000,000"
2017,26,Derek Law,lawde01,SFG,0.1,2,"$545,000"
2017,32,Tommy Layne,layneto01,NYY,-0.3,-4,"$1,075,000"
2017,29,Mike Leake,leakemi01,2TM,1.8,20,"$15,000,000"
2017,32,Wade LeBlanc,leblawa01,PIT,0.2,4,"$750,000"
2017,23,Jose Leclerc,leclejo01,TEX,0.8,9,"$536,000"
2017,25,Dominic Leone,leonedo01,TOR,2,21,"$548,200"
2017,33,Jon Lester,lestejo01,CHC,0.6,8,"$25,000,000"
2017,33,Francisco Liriano,liriafr01,2TM,-0.5,-3,"$13,666,667"
2017,29,Jeff Locke,lockeje01,MIA,-1,-11,"$3,025,000"
2017,32,Boone Logan,loganbo02,CLE,0,1,"$5,500,000"
2017,25,Michael Lorenzen,lorenmi01,CIN,0.1,4,"$555,000"
2017,29,Aaron Loup,loupaa01,TOR,0.8,10,"$1,125,000"
2017,27,Seth Lugo,lugose01,NYM,0.8,9,"$543,500"
2017,26,Jordan Lyles,lylesjo01,2TM,-1.2,-15,"$3,175,000"
2017,30,Lance Lynn,lynnla01,STL,3.2,33,"$7,500,000"
2017,29,Tyler Lyons,lyonsty01,STL,1.2,13,"$549,800"
2017,35,Jean Machi,machije01,SEA,0.2,2,"$535,000"
2017,36,Ryan Madson,madsory01,2TM,2.5,23,"$7,666,667"
2017,29,Kenta Maeda,maedake01,LAD,0.5,7,"$3,125,000"
2017,25,Sean Manaea,manaese01,OAK,1.6,18,"$537,500"
2017,28,Jhan Marinez,marinjh01,3TM,0.5,8,"$540,200"
2017,22,German Marquez,marquge01,COL,3.5,35,"$537,000"
2017,25,Carlos Martinez,martica04,STL,3,32,"$3,700,000"
2017,34,Michael Martinez,martimi02,2TM,0,1,"$600,000"
2017,26,Steven Matz,matzst01,NYM,-0.2,-1,"$562,250"
2017,26,Brandon Maurer,maurebr01,2TM,-1.1,-8,"$1,900,000"
2017,29,Zach McAllister,mcallza01,CLE,1.4,18,"$1,825,000"
2017,33,Brandon McCarthy,mccarbr01,LAD,0.7,9,"$11,500,000"
2017,23,Lance McCullers Jr.,mcculla02,HOU,1,11,"$548,000"
2017,28,T.J. McFarland,mcfartj01,ARI,-0.9,-10,"$685,000"
2017,30,Jake McGee,mcgeeja01,COL,1.4,14,"$5,900,000"
2017,35,Dustin McGowan,mcgowdu01,MIA,-0.3,-1,"$1,750,000"
2017,30,Collin McHugh,mchugco01,HOU,1.2,12,"$3,850,000"
2017,24,Adalberto Mejia,mejiaad01,MIN,0.9,10,"$535,000"
2017,32,Mark Melancon,melanma01,SFG,0.2,2,"$9,000,000"
2017,24,Daniel Mengden,mengdda01,OAK,1.4,14,"$537,500"
2017,30,Wade Miley,mileywa01,BAL,-0.2,0,"$8,917,000"
2017,32,Andrew Miller,millean01,CLE,3,26,"$9,000,000"
2017,26,Shelby Miller,millesh01,ARI,0.3,4,"$4,700,000"
2017,30,Tommy Milone,milonto01,2TM,-1,-11,"$1,250,000"
2017,26,Juan Minaya,minayju01,CHW,0.3,4,"$535,000"
2017,29,Mike Minor,minormi01,KCR,3,27,"$4,000,000"
2017,28,Ariel Miranda,miranar01,SEA,0.7,9,"$540,500"
2017,26,Bryan Mitchell,mitchbr01,NYY,-0.3,-4,"$550,625"
2017,24,Frankie Montas,montafr02,OAK,-0.5,-6,"$537,500"
2017,33,Miguel Montero,montemi01,CHC,0,1,"$14,000,000"
2017,26,Rafael Montero,montera01,NYM,0,1,"$541,400"
2017,24,Jordan Montgomery,montgjo01,NYY,2.9,30,"$535,000"
2017,28,Matt Moore,moorema02,SFG,-0.1,0,"$7,000,000"
2017,31,Mitch Moreland,morelmi01,BOS,0,1,"$5,500,000"
2017,27,Adam Morgan,morgaad01,PHI,0.7,8,"$539,000"
2017,33,Charlie Morton,mortoch02,HOU,2,22,"$7,000,000"
2017,38,Peter Moylan,moylape01,KCR,1.2,13,"$1,000,000"
2017,24,Joe Musgrove,musgrjo01,HOU,0.1,3,"$543,400"
2017,28,Jimmy Nelson,nelsoji02,MIL,3.3,34,"$547,000"
2017,28,Hector Neris,nerishe01,PHI,2,19,"$557,500"
2017,36,Pat Neshek,neshepa01,2TM,2.8,25,"$6,500,000"
2017,30,Juan Nicasio,nicasju01,3TM,1.9,19,"$3,650,000"
2017,28,Brett Nicholas,nichobr01,TEX,-0.1,-3,"$537,000"
2017,24,Aaron Nola,nolaaa01,PHI,4.4,44,"$544,000"
2017,34,Ricky Nolasco,nolasri01,LAA,0.6,8,"$12,000,000"
2017,32,Bud Norris,norribu01,LAA,0.4,6,"$1,750,000"
2017,24,Daniel Norris,norrida01,DET,0.5,7,"$545,500"
2017,30,Ivan Nova,novaiv01,PIT,2,22,"$7,666,000"
2017,34,Darren O'Day,odayda01,BAL,1.1,12,"$7,000,000"
2017,32,Eric O'Flaherty,oflaher01,ATL,-0.5,-5,"$1,250,000"
2017,27,Scott Oberg,obergsc01,COL,0.3,4,"$540,000"
2017,27,Jake Odorizzi,odorija01,TBR,-0.1,1,"$4,100,000"
2017,34,Seunghwan Oh,ohse01,STL,-0.1,2,"$2,750,000"
2017,22,Roberto Osuna,osunaro01,TOR,1.3,13,"$552,400"
2017,32,Dan Otero,oteroda01,CLE,0.8,11,"$1,050,000"
2017,31,Adam Ottavino,ottavad01,COL,0.3,4,"$2,100,000"
2017,25,Dillon Overton,overtdi01,2TM,-0.4,-6,"$536,600"
2017,32,Blake Parker,parkebl01,LAA,1.8,18,"$560,000"
2017,23,David Paulino,paulida01,HOU,-0.4,-4,"$536,100"
2017,28,James Paxton,paxtoja01,SEA,3.6,37,"$2,350,000"
2017,26,James Pazos,pazosja01,SEA,-0.1,1,"$536,500"
2017,29,Brad Peacock,peacobr01,HOU,3.1,33,"$541,500"
2017,33,Mike Pelfrey,pelfrmi01,CHW,-1.1,-11,"$8,000,000"
2017,25,Wandy Peralta,peralwa01,CIN,0.6,8,"$535,000"
2017,28,Wily Peralta,peralwi01,MIL,-1.5,-16,"$4,275,000"
2017,24,Luis Perdomo,perdolu02,SDP,0.2,4,"$544,300"
2017,26,Hernan Perez,perezhe01,MIL,0,1,"$545,700"
2017,26,Martin Perez,perezma02,TEX,2.4,26,"$4,400,000"
2017,35,Oliver Perez,perezol01,WSN,0.3,4,"$4,000,000"
2017,34,Glen Perkins,perkigl01,MIN,-0.1,-3,"$6,500,000"
2017,32,Yusmeiro Petit,petityu01,LAA,1.6,18,"$2,250,000"
2017,29,Jake Petricka,petrija01,CHW,-0.7,-5,"$825,000"
2017,30,David Phelps,phelpda01,2TM,0.5,6,"$4,600,000"
2017,28,Michael Pineda,pinedmi01,NYY,0.6,8,"$7,400,000"
2017,28,Drew Pomeranz,pomerdr01,BOS,3.9,40,"$4,450,000"
2017,28,Rick Porcello,porceri01,BOS,-0.2,-1,"$20,125,000"
2017,28,Ryan Pressly,pressry01,MIN,0,2,"$1,175,000"
2017,31,David Price,priceda01,BOS,1.6,17,"$30,000,000"
2017,27,Austin Pruitt,pruitau01,TBR,-0.9,-9,"$535,000"
2017,29,Zach Putnam,putnaza01,CHW,0.5,4,"$1,175,000"
2017,38,Chad Qualls,quallch01,COL,0,0,"$3,750,000"
2017,28,Jose Quintana,quintjo01,2TM,2.5,27,"$7,000,000"
2017,27,Erasmo Ramirez,ramirer02,2TM,0.5,7,"$3,125,000"
2017,28,JC Ramirez,ramirjc01,LAA,1.6,18,"$550,000"
2017,27,Jose Ramirez,ramirjo02,ATL,1,11,"$536,250"
2017,28,Neil Ramirez,ramirne01,2TM,-1,-11,"$750,000"
2017,30,AJ Ramos,ramosaj01,2TM,0.4,5,"$6,550,000"
2017,24,Edubray Ramos,ramosed02,PHI,0.5,6,"$540,000"
2017,29,Josh Ravin,ravinjo01,LAD,-0.3,-3,"$545,000"
2017,25,Robbie Ray,rayro02,ARI,4.7,46,"$570,400"
2017,28,Addison Reed,reedad01,2TM,2.3,20,"$7,750,000"
2017,24,Cody Reed,reedco01,CIN,-0.1,-1,"$537,000"
2017,33,Clayton Richard,richacl01,SDP,0.6,8,"$1,750,000"
2017,29,Garrett Richards,richaga01,LAA,0.9,9,"$6,850,000"
2017,30,Tanner Roark,roarkta01,WSN,1.3,15,"$4,315,000"
2017,32,David Robertson,roberda08,2TM,2.9,27,"$12,000,000"
2017,26,Hansel Robles,robleha01,NYM,0.1,3,"$553,125"
2017,40,Fernando Rodney,rodnefe01,ARI,0.3,4,"$2,750,000"
2017,24,Carlos Rodon,rodonca01,CHW,1.2,12,"$600,000"
2017,24,Eduardo Rodriguez,rodried05,BOS,1.8,20,"$584,500"
2017,35,Francisco Rodriguez,rodrifr03,DET,-0.9,-7,"$6,000,000"
2017,25,Joely Rodriguez,rodrijo06,PHI,-1,-9,"$535,000"
2017,30,Chaz Roe,roech01,2TM,0.1,1,"$720,000"
2017,26,Taylor Rogers,rogerta01,MIN,1.2,12,"$542,500"
2017,26,Enny Romero,romeren01,WSN,0.6,7,"$551,000"
2017,31,Andrew Romine,rominan01,DET,0.1,1,"$1,300,000"
2017,34,Sergio Romo,romose01,2TM,0.5,6,"$3,000,000"
2017,26,Bruce Rondon,rondobr01,DET,-1,-9,"$850,000"
2017,29,Hector Rondon,rondohe01,CHC,0,2,"$5,800,000"
2017,27,Trevor Rosenthal,rosentr01,STL,0.6,7,"$6,400,000"
2017,28,Robbie Ross,rossro01,BOS,-0.2,-2,"$1,825,000"
2017,30,Tyson Ross,rossty01,TEX,-1,-11,"$6,000,000"
2017,38,Carlos Ruiz,ruizca01,SEA,0,0,"$4,500,000"
2017,30,Chris Rusin,rusinch01,COL,2.4,24,"$545,000"
2017,25,Kyle Ryan,ryanky01,DET,-0.2,-1,"$546,400"
2017,30,Hyun-Jin Ryu,ryuhy01,LAD,1.4,15,"$7,833,000"
2017,31,Marc Rzepczynski,rzepcma01,SEA,0.2,3,"$5,500,000"
2017,36,CC Sabathia,sabatc.01,NYY,2.9,30,"$25,000,000"
2017,32,Fernando Salas,salasfe01,2TM,-0.7,-5,"$3,000,000"
2017,27,Danny Salazar,salazda01,CLE,1.2,14,"$3,400,000"
2017,28,Chris Sale,salech01,BOS,6,60,"$12,000,000"
2017,32,Jeff Samardzija,samarje01,SFG,2.7,30,"$19,800,000"
2017,24,Aaron Sanchez,sanchaa01,TOR,-0.1,0,"$535,000"
2017,33,Anibal Sanchez,sanchan01,DET,-0.7,-8,"$16,800,000"
2017,34,Ervin Santana,santaer01,MIN,4.9,50,"$13,500,000"
2017,29,Hector Santiago,santihe01,MIN,0,1,"$8,000,000"
2017,30,Tanner Scheppers,schepta01,TEX,0,0,"$975,000"
2017,32,Max Scherzer,scherma01,WSN,7.2,68,"$22,143,000"
2017,27,Robby Scott,scottro02,BOS,0.5,6,"$537,000"
2017,31,Evan Scribner,scribev01,SEA,-0.4,-5,"$907,500"
2017,22,Antonio Senzatela,senzaan01,COL,2.2,24,"$535,000"
2017,23,Luis Severino,severlu01,NYY,5.4,53,"$550,975"
2017,29,Bryan Shaw,shawbr01,CLE,0.5,8,"$4,600,000"
2017,35,James Shields,shielja02,CHW,0.3,5,"$21,000,000"
2017,30,Matt Shoemaker,shoemma01,LAA,0.6,7,"$3,325,000"
2017,26,Chasen Shreve,shrevch01,NYY,0.6,8,"$552,425"
2017,27,Kevin Siegrist,siegrke01,2TM,0,1,"$1,637,500"
2017,26,Shae Simmons,simmosh01,SEA,-0.1,-2,"$536,200"
2017,33,Tony Sipp,sippto01,HOU,-0.4,-4,"$6,000,000"
2017,25,Tyler Skaggs,skaggty01,LAA,0.5,6,"$555,000"
2017,27,Carson Smith,smithca02,BOS,0.3,3,"$556,750"
2017,33,Joe Smith,smithjo05,2TM,1.1,12,"$3,000,000"
2017,28,Josh Smoker,smokejo01,NYM,-0.1,0,"$536,625"
2017,24,Blake Snell,snellbl01,TBR,1,11,"$545,000"
2017,30,Miguel Socolovich,socolmi01,STL,-0.6,-9,"$537,500"
2017,28,Sammy Solis,solissa01,WSN,-0.2,-1,"$545,700"
2017,33,Joakim Soria,soriajo01,KCR,1.2,12,"$8,000,000"
2017,33,Craig Stammen,stammcr01,SDP,1.5,16,"$900,000"
2017,24,Robert Stephenson,stephro01,CIN,-0.3,-2,"$535,000"
2017,25,Brock Stewart,stewabr01,LAD,0,0,"$537,500"
2017,29,Drew Storen,storedr01,CIN,-0.2,-2,"$3,000,000"
2017,25,Matt Strahm,strahma01,KCR,0,1,"$538,900"
2017,28,Dan Straily,straida01,MIA,1.2,14,"$552,100"
2017,28,Stephen Strasburg,strasst01,WSN,6.4,60,"$18,333,334"
2017,33,Huston Street,streehu01,LAA,0.1,2,"$9,000,000"
2017,28,Hunter Strickland,strichu01,SFG,1.8,17,"$555,000"
2017,27,Ross Stripling,stripro01,LAD,0.6,8,"$540,000"
2017,26,Marcus Stroman,stromma01,TOR,5.2,52,"$3,400,000"
2017,32,Pedro Strop,stroppe01,CHC,1.1,11,"$5,500,000"
2017,29,Jesus Sucre,sucreje01,TBR,-0.1,-2,"$630,000"
2017,31,Anthony Swarzak,swarzan01,2TM,2.8,25,"$900,000"
2017,24,Noah Syndergaard,syndeno01,NYM,0.5,5,"$605,500"
2017,25,Jameson Taillon,taillja01,PIT,1.2,14,"$555,000"
2017,28,Masahiro Tanaka,tanakma01,NYY,1.2,14,"$22,000,000"
2017,24,Ben Taylor,taylobe10,BOS,-0.1,0,"$535,000"
2017,31,Junichi Tazawa,tazawju01,MIA,-0.7,-5,"$5,000,000"
2017,26,Julio Teheran,teherju01,ATL,1.6,18,"$6,300,000"
2017,29,Ryan Tepera,teperry01,TOR,1,12,"$542,700"
2017,28,Nick Tepesch,tepesni01,2TM,-0.2,-5,"$1,000,000"
2017,29,Chris Tillman,tillmch01,BAL,-2.2,-26,"$10,050,000"
2017,32,Josh Tomlin,tomlijo01,CLE,0.7,9,"$2,500,000"
2017,27,Michael Tonkin,tonkimi01,MIN,-0.2,-3,"$542,500"
2017,34,Carlos Torres,torreca01,MIL,0.3,5,"$2,175,000"
2017,23,Jose Torres,torrejo02,SDP,0.4,6,"$535,400"
2017,29,Blake Treinen,treinbl01,2TM,1.2,11,"$563,700"
2017,28,Andrew Triggs,triggan01,OAK,0,0,"$537,500"
2017,24,Sam Tuivailala,tuivasa01,STL,0.8,11,"$536,500"
2017,26,Jacob Turner,turneja01,WSN,0,1,"$1,500,000"
2017,42,Koji Uehara,ueharko01,CHC,0.2,3,"$6,000,000"
2017,25,Jose Urena,urenajo01,MIA,1.9,21,"$535,000"
2017,34,Jason Vargas,vargaja01,KCR,4.2,43,"$8,000,000"
2017,25,Felipe Vazquez,riverfe01,PIT,2.6,23,"$564,500"
2017,25,Vince Velasquez,velasvi01,PHI,0.4,5,"$547,000"
2017,34,Justin Verlander,verlaju01,2TM,6.5,63,"$28,000,000"
2017,30,Nick Vincent,vinceni01,SEA,1.4,14,"$1,325,000"
2017,26,Arodys Vizcaino,vizcaar01,ATL,1.6,15,"$1,550,000"
2017,33,Edinson Volquez,volqued01,MIA,0.6,7,"$9,000,000"
2017,25,Michael Wacha,wachami01,STL,1.5,17,"$2,775,000"
2017,35,Adam Wainwright,wainwad01,STL,0.2,4,"$19,500,000"
2017,24,Taijuan Walker,walketa01,ARI,2.6,27,"$2,250,000"
2017,29,Adam Warren,warread01,NYY,1.4,15,"$2,290,000"
2017,32,Tony Watson,watsoto01,2TM,0.9,10,"$5,600,000"
2017,34,Jered Weaver,weaveje02,SDP,-1.2,-14,"$3,000,000"
2017,23,Rob Whalen,whalero01,SEA,0,0,"$537,500"
2017,27,Zack Wheeler,wheelza01,NYM,0.2,3,"$800,000"
2017,33,Tom Wilhelmsen,wilheto01,ARI,0.2,3,"$1,250,000"
2017,25,Trevor Williams,willitr01,PIT,1.8,20,"$544,000"
2017,30,Alex Wilson,wilsoal01,DET,0.3,5,"$1,175,000"
2017,29,Justin Wilson,wilsoju10,2TM,1.5,12,"$2,700,000"
2017,27,Tyler Wilson,wilsoty01,BAL,-0.4,-4,"$545,000"
2017,27,Dan Winkler,winklda01,ATL,0.5,4,"$545,000"
2017,26,Nick Wittgren,wittgni01,MIA,0,1,"$535,000"
2017,26,Alex Wood,woodal02,LAD,3.4,35,"$2,800,000"
2017,31,Blake Wood,woodbl01,2TM,-0.7,-7,"$1,275,000"
2017,30,Travis Wood,woodtr01,2TM,-1.7,-18,"$4,000,000"
2017,28,Brandon Workman,workmbr01,BOS,0.5,6,"$635,000"
2017,32,Steven Wright,wrighst01,BOS,-0.8,-9,"$593,500"
2017,25,Michael Ynoa,ynoami01,CHW,-0.3,-5,"$540,000"
2017,38,Chris Young,youngch03,KCR,-0.5,-7,"$5,750,000"
2017,37,Brad Ziegler,zieglbr01,MIA,-0.8,-5,"$7,000,000"
2017,31,Jordan Zimmermann,zimmejo02,DET,0.3,5,"$18,000,000"
2017,26,Tony Zych,zychto01,SEA,1.1,11,"$539,600"
2018,35,Matt Albers,alberma01,MIL,-1.6,-13,"$2,500,000"
2018,28,Scott Alexander,alexasc02,LAD,0.4,5,"$555,000"
2018,29,Cody Allen,allenco01,CLE,0,2,"$10,575,000"
2018,29,Jose Alvarez,alvarjo02,LAA,1.6,15,"$1,050,000"
2018,30,Brett Anderson,anderbr04,OAK,0.4,4,"$100,000"
2018,30,Chase Anderson,anderch01,MIL,1.2,11,"$4,750,000"
2018,28,Tyler Anderson,anderty01,COL,2.7,26,"$555,000"
2018,23,Victor Arano,aranovi01,PHI,2,18,"$545,000"
2018,24,Pedro Araujo,araujpe01,BAL,-0.5,-6,"$545,000"
2018,29,Chris Archer,archech01,2TM,0.8,8,"$6,416,667"
2018,32,Jake Arrieta,arrieja01,PHI,2.8,26,"$30,000,000"
2018,31,Alex Avila,avilaal01,ARI,0.1,1,"$4,000,000"
2018,28,Luis Avilan,avilalu01,2TM,0.5,6,"$2,450,000"
2018,35,John Axford,axforjo01,2TM,0,-1,"$1,500,000"
2018,30,Pedro Baez,baezpe01,LAD,0.8,8,"$1,500,000"
2018,32,Homer Bailey,baileho02,CIN,-1.5,-17,"$21,000,000"
2018,25,Johnny Barbato,barbajo01,DET,-0.4,-5,"$548,600"
2018,27,Luke Bard,bardlu01,LAA,0,0,"$545,000"
2018,25,Scott Barlow,barlosc01,KCR,0.2,2,"$650,000"
2018,28,Danny Barnes,barneda02,TOR,-0.3,-2,"$561,600"
2018,28,Jacob Barnes,barneja01,MIL,-0.2,-1,"$558,900"
2018,28,Matt Barnes,barnema01,BOS,1.1,11,"$605,000"
2018,34,Tony Barnette,barneto01,TEX,0.4,6,"$1,500,000"
2018,28,Kyle Barraclough,barraky01,MIA,0,1,"$1,113,000"
2018,27,Trevor Bauer,bauertr01,CLE,5.8,54,"$6,525,000"
2018,26,Cam Bedrosian,bedroca01,LAA,0.3,5,"$1,100,000"
2018,38,Matt Belisle,belisma01,2TM,-1,-13,"$1,500,000"
2018,24,Jose Berrios,berrijo01,MIN,3.4,34,"$570,000"
2018,30,Dellin Betances,betande01,NYY,1.5,14,"$5,100,000"
2018,29,Chad Bettis,bettich01,COL,0.9,8,"$2,000,000"
2018,27,Ty Blach,blachty01,SFG,0,1,"$565,000"
2018,24,Paul Blackburn,blackpa01,OAK,-0.7,-8,"$547,500"
2018,31,Richard Bleier,bleieri01,BAL,1.6,14,"$556,000"
2018,34,Jerry Blevins,blevije01,NYM,0.1,1,"$7,000,000"
2018,27,Matt Bowman,bowmama01,STL,-0.6,-5,"$565,900"
2018,30,Brad Boxberger,boxbebr01,ARI,-0.9,-4,"$1,850,000"
2018,27,Matthew Boyd,boydma01,DET,2.2,22,"$562,000"
2018,36,Blaine Boyer,boyerbl01,KCR,-1.8,-20,"$1,000,000"
2018,32,Brad Brach,brachbr01,2TM,0.4,4,"$5,165,000"
2018,25,Archie Bradley,bradlar01,ARI,0.1,3,"$581,900"
2018,26,Steven Brault,braulst01,PIT,-0.1,0,"$557,000"
2018,25,Colten Brewer,breweco01,SDP,-0.4,-5,"$545,000"
2018,26,Austin Brice,briceau01,CIN,-0.5,-5,"$547,500"
2018,30,Zack Britton,brittza01,2TM,0.7,7,"$12,000,000"
2018,31,Ryan Buchter,buchtry01,OAK,0.4,4,"$555,000"
2018,28,Madison Bumgarner,bumgama01,SFG,2.4,22,"$12,000,000"
2018,24,Aaron Bummer,bummeaa01,CHW,-0.1,0,"$549,000"
2018,25,Dylan Bundy,bundydy01,BAL,0.3,4,"$1,640,000"
2018,32,Matt Bush,bushma01,TEX,0.2,2,"$555,950"
2018,34,Drew Butera,buterdr01,KCR,-0.1,-2,"$2,300,000"
2018,27,Eddie Butler,butleed01,2TM,-0.5,-5,"$570,750"
2018,30,Trevor Cahill,cahiltr01,OAK,1.2,12,"$1,500,000"
2018,26,Shane Carle,carlesh01,ATL,1,9,"$555,000"
2018,31,Carlos Carrasco,carraca01,CLE,3.7,37,"$8,000,000"
2018,31,Andrew Cashner,cashnan01,BAL,0.8,9,"$6,500,000"
2018,37,Santiago Casilla,garcija01,OAK,0.4,5,"$6,000,000"
2018,25,Luis Castillo,castilu02,CIN,1.5,14,"$555,000"
2018,23,Miguel Castro,castrmi01,BAL,1.5,16,"$553,000"
2018,31,Brett Cecil,cecilbr01,STL,-0.9,-10,"$7,750,000"
2018,30,Jhoulys Chacin,chacijh01,MIL,1.9,18,"$8,750,000"
2018,28,Andrew Chafin,chafian01,ARI,0.7,7,"$1,195,000"
2018,30,Aroldis Chapman,chapmar01,NYY,1.6,14,"$17,200,000"
2018,28,Tyler Chatwood,chatwty01,CHC,-0.2,-2,"$12,500,000"
2018,34,Jesse Chavez,chaveje01,2TM,3.1,29,"$1,000,000"
2018,32,Wei-Yin Chen,chenwe02,MIA,0,0,"$10,000,000"
2018,24,Yonny Chirinos,chiriyo01,TBR,1,11,"$545,000"
2018,27,Adam Cimber,cimbead01,2TM,0.8,8,"$545,000"
2018,28,Tony Cingrani,cingrto01,LAD,-0.2,-1,"$2,300,000"
2018,32,Steve Cishek,cishest01,CHC,2.1,18,"$6,500,000"
2018,26,Alex Claudio,claudal01,TEX,0.8,9,"$568,450"
2018,27,Mike Clevinger,clevimi01,CLE,5.1,49,"$558,500"
2018,33,Tyler Clippard,clippty01,TOR,1.4,14,"$1,500,000"
2018,30,Alex Cobb,cobbal01,BAL,1.2,13,"$14,000,000"
2018,26,A.J. Cole,coleaj01,2TM,-0.8,-10,"$555,300"
2018,27,Gerrit Cole,colege01,HOU,5.7,54,"$6,750,000"
2018,29,Alex Colome,colomal01,2TM,1.1,11,"$5,300,000"
2018,45,Bartolo Colon,colonba01,TEX,0.4,5,"$1,750,000"
2018,28,Patrick Corbin,corbipa01,ARI,4,37,"$7,500,000"
2018,23,Nestor Cortes Jr.,cortene01,BAL,-0.1,-1,"$545,000"
2018,28,Danny Coulombe,couloda01,OAK,-0.1,-1,"$550,000"
2018,32,Johnny Cueto,cuetojo01,SFG,1.3,11,"$21,833,333"
2018,29,Charlie Culberson,culbech01,ATL,0,-1,"$575,000"
2018,31,Yu Darvish,darviyu01,CHC,0,0,"$25,000,000"
2018,27,Matt Davidson,davidma02,CHW,0.1,2,"$570,000"
2018,25,Zach Davies,davieza02,MIL,-0.2,-2,"$572,000"
2018,25,J.D. Davis,davisjd01,HOU,0,0,"$550,100"
2018,32,Wade Davis,daviswa01,COL,1,9,"$16,000,000"
2018,37,Jorge De La Rosa,rosajo01,2TM,0.1,2,"$2,250,000"
2018,30,Jacob deGrom,degroja01,NYM,9.9,83,"$7,400,000"
2018,28,Randall Delgado,delgara01,ARI,-0.1,-1,"$2,250,000"
2018,31,Daniel Descalso,descada01,ARI,-0.1,-1,"$2,000,000"
2018,28,Anthony DeSclafani,desclan01,CIN,0.3,2,"$860,000"
2018,31,Odrisamer Despaigne,despaod01,2TM,-1.2,-12,"$1,090,000"
2018,27,Chris Devenski,devench02,HOU,0.2,3,"$599,200"
2018,31,Jake Diekman,diekmja01,2TM,-0.2,0,"$2,712,500"
2018,31,Sean Doolittle,doolise01,WSN,2.5,18,"$4,380,000"
2018,31,Oliver Drake,drakeol01,5TM,-0.2,-4,"$554,300"
2018,35,Brian Duensing,duensbr01,CHC,-1.6,-14,"$3,500,000"
2018,29,Danny Duffy,duffyda01,KCR,1.1,12,"$14,000,000"
2018,35,Zach Duke,dukeza01,2TM,0.1,2,"$2,150,000"
2018,28,Ryan Dull,dullry01,OAK,0.1,2,"$555,000"
2018,33,Mike Dunn,dunnmi01,COL,-0.6,-6,"$7,000,000"
2018,30,Sam Dyson,dysonsa01,SFG,1.3,12,"$4,425,000"
2018,26,Carl Edwards Jr.,edwarca01,CHC,1.2,10,"$594,000"
2018,27,Jerad Eickhoff,eickhje01,PHI,0,0,"$568,000"
2018,28,Nathan Eovaldi,eovalna01,2TM,1.3,14,"$2,000,000"
2018,27,Robbie Erlin,erlinro01,SDP,0,0,"$650,000"
2018,25,Phil Ervin,ervinph01,CIN,0,0,"$545,000"
2018,34,Marco Estrada,estrama01,TOR,0.8,9,"$13,000,000"
2018,28,Jeurys Familia,familje01,2TM,1.5,13,"$7,925,000"
2018,27,Buck Farmer,farmebu01,DET,0.6,7,"$554,800"
2018,31,Danny Farquhar,farquda01,CHW,-0.1,0,"$1,050,000"
2018,25,Michael Feliz,felizmi01,PIT,-0.9,-8,"$575,500"
2018,32,Josh Fields,fieldjo03,LAD,0.9,10,"$2,200,000"
2018,33,Mike Fiers,fiersmi01,2TM,4,39,"$6,000,000"
2018,25,Brandon Finnegan,finnebr01,CIN,-0.6,-7,"$577,500"
2018,34,Doug Fister,fistedo01,TEX,0.7,8,"$3,500,000"
2018,22,Jack Flaherty,flaheja01,STL,2.9,26,"$545,000"
2018,31,Pedro Florimon,floripe01,PHI,0,-1,"$600,000"
2018,28,Brian Flynn,flynnbr01,KCR,0.6,7,"$573,500"
2018,26,Mike Foltynewicz,foltymi01,ATL,4,37,"$2,200,000"
2018,28,Wilmer Font,fontwi01,3TM,0.1,-4,"$550,000"
2018,25,Kyle Freeland,freelky01,COL,8.2,70,"$550,000"
2018,31,Sam Freeman,freemsa01,ATL,-0.1,0,"$1,075,000"
2018,24,Carson Fulmer,fulmeca01,CHW,-0.9,-11,"$552,000"
2018,25,Michael Fulmer,fulmemi01,DET,1,11,"$575,200"
2018,32,Yovani Gallardo,gallayo01,2TM,-0.2,-4,"$750,000"
2018,28,Greg Garcia,garcigr01,STL,0,1,"$569,600"
2018,31,Jaime Garcia,garcija02,2TM,-0.5,-4,"$8,000,000"
2018,25,Jarlin Garcia,garcija04,MIA,-0.2,-1,"$555,000"
2018,31,Luis Garcia,garcilu03,PHI,-0.4,-2,"$1,200,000"
2018,27,Yimi Garcia,garciyi01,LAD,-0.6,-7,"$630,000"
2018,26,Amir Garrett,garream01,CIN,0.4,5,"$547,500"
2018,27,Mitch Garver,garvemi01,MIN,0,1,"$547,500"
2018,27,Kevin Gausman,gausmke01,2TM,3.3,33,"$5,600,000"
2018,32,Cory Gearrin,gearrco01,3TM,0.8,8,"$1,675,000"
2018,30,Kyle Gibson,gibsoky01,MIN,3.3,33,"$4,200,000"
2018,27,Ken Giles,gileske01,2TM,0,1,"$4,600,000"
2018,23,Lucas Giolito,giolilu01,CHW,-1,-10,"$555,000"
2018,28,Mychal Givens,givenmy01,BAL,1.1,11,"$566,500"
2018,24,Tyler Glasnow,glasnty01,2TM,0.7,7,"$556,500"
2018,25,Koda Glover,gloveko01,WSN,0.4,4,"$551,700"
2018,28,Zack Godley,godleza01,ARI,-1.2,-13,"$579,200"
2018,21,Luiz Gohara,goharlu01,ATL,-0.3,-3,"$555,000"
2018,32,Carlos Gomez,gomezca01,TBR,-0.1,-3,"$4,000,000"
2018,28,Roberto Gomez,gomezro01,SFG,-0.5,-6,"$550,000"
2018,32,Gio Gonzalez,gonzagi01,2TM,1.9,18,"$12,000,000"
2018,34,Miguel Gonzalez,gonzami03,CHW,-0.7,-10,"$4,750,000"
2018,26,Nick Goody,goodyni01,CLE,-0.3,-3,"$561,500"
2018,25,Daniel Gossett,gosseda01,OAK,-0.1,0,"$547,500"
2018,25,Trevor Gott,gotttr01,WSN,-0.2,-2,"$555,000"
2018,29,Matt Grace,gracema02,WSN,1.2,13,"$557,000"
2018,27,Kendall Graveman,graveke01,OAK,-1,-11,"$2,360,000"
2018,25,Brett Graves,gravebr01,MIA,-0.3,-5,"$1,090,000"
2018,26,Jon Gray,grayjo02,COL,1.5,14,"$555,000"
2018,28,Sonny Gray,grayso01,NYY,0.2,3,"$6,500,000"
2018,27,Chad Green,greench03,NYY,2.1,20,"$570,800"
2018,29,Shane Greene,greensh02,DET,-0.5,-1,"$1,950,000"
2018,34,Luke Gregerson,gregelu01,STL,-0.3,-4,"$5,000,000"
2018,34,Zack Greinke,greinza01,ARI,3.5,33,"$34,000,000"
2018,29,Justin Grimm,grimmju01,2TM,-1.3,-10,"$1,250,000"
2018,24,Robert Gsellman,gsellro01,NYM,-0.2,0,"$562,375"
2018,27,Tayron Guerrero,guerrta01,MIA,-1,-10,"$545,000"
2018,32,Brandon Guyer,guyerbr01,CLE,0,1,"$2,750,000"
2018,29,Jedd Gyorko,gyorkje01,STL,0,-1,"$9,000,000"
2018,24,Josh Hader,haderjo01,MIL,2.1,17,"$556,500"
2018,34,Cole Hamels,hamelco01,2TM,3.5,33,"$23,500,000"
2018,35,Jason Hammel,hammeja01,KCR,-1.3,-12,"$9,000,000"
2018,28,Brad Hand,handbr01,2TM,0.9,10,"$4,083,333"
2018,23,Ian Happ,happia01,CHC,0,1,"$570,000"
2018,35,J.A. Happ,happja01,2TM,3.2,31,"$13,000,000"
2018,31,Blaine Hardy,hardybl01,DET,1.9,18,"$795,000"
2018,33,Will Harris,harriwi10,HOU,0.8,9,"$2,800,000"
2018,29,Matt Harvey,harvema01,2TM,0.9,8,"$5,625,000"
2018,33,Chris Hatcher,hatchch02,OAK,-0.3,-3,"$2,150,000"
2018,27,Andrew Heaney,heanean01,LAA,1.6,17,"$800,000"
2018,31,Jeremy Hellickson,hellije01,WSN,1.6,14,"$100,000"
2018,29,Heath Hembree,hembrhe01,BOS,0.5,6,"$581,500"
2018,28,Kyle Hendricks,hendrky01,CHC,3.1,29,"$4,175,000"
2018,29,Liam Hendriks,hendrli01,OAK,0.2,2,"$1,900,000"
2018,33,David Hernandez,hernada01,CIN,1.7,15,"$2,500,000"
2018,23,Elieser Hernandez,hernael01,MIA,-0.4,-4,"$1,090,000"
2018,26,Enrique Hernandez,hernaen02,LAD,-0.4,-3,"$1,600,000"
2018,32,Felix Hernandez,hernafe02,SEA,-1,-11,"$26,857,000"
2018,28,Kelvin Herrera,herreke01,2TM,1.7,13,"$7,937,500"
2018,21,Jordan Hicks,hicksjo03,STL,0.5,6,"$545,000"
2018,27,Trevor Hildenberger,hildetr01,MIN,-0.8,-5,"$555,000"
2018,38,Rich Hill,hillri01,LAD,1.6,15,"$16,666,667"
2018,28,Tim Hill,hillti01,KCR,-0.3,-1,"$545,000"
2018,34,Yoshihisa Hirano,hiranyo01,ARI,1.1,10,"$3,000,000"
2018,25,Jeff Hoffman,hoffmje02,COL,-0.3,-3,"$547,000"
2018,30,Bryan Holaday,holadbr01,MIA,-0.1,-2,"$1,000,000"
2018,25,Jonathan Holder,holdejo02,NYY,0.8,9,"$553,850"
2018,31,Derek Holland,hollade01,SFG,2,19,"$1,750,000"
2018,32,Greg Holland,hollagr01,2TM,-0.2,-5,"$14,000,000"
2018,32,Jared Hughes,hugheja02,CIN,3.2,26,"$2,125,000"
2018,32,Phil Hughes,hugheph01,2TM,-0.4,-6,"$13,200,000"
2018,31,Tommy Hunter,hunteto02,PHI,1.5,13,"$9,000,000"
2018,27,Drew Hutchison,hutchdr01,2TM,-0.3,-4,"$3,000,000"
2018,28,Raisel Iglesias,iglesra01,CIN,2,18,"$5,214,286"
2018,30,Gregory Infante,infangr01,CHW,-0.2,-3,"$558,000"
2018,34,Edwin Jackson,jacksed01,OAK,1.5,15,"$1,500,000"
2018,30,Kenley Jansen,janseke01,LAD,0.7,7,"$11,333,333"
2018,30,Jeremy Jeffress,jeffrje01,MIL,3.3,25,"$1,700,000"
2018,23,Joe Jimenez,jimenjo02,DET,0.1,3,"$547,200"
2018,27,Brian Johnson,johnsbr02,BOS,1.4,15,"$548,000"
2018,35,Jim Johnson,johnsji04,LAA,-0.5,-4,"$5,000,000"
2018,27,Pierce Johnson,johnspi01,SFG,-0.4,-5,"$545,000"
2018,32,Nate Jones,jonesna01,CHW,0.4,4,"$3,950,000"
2018,25,Jakob Junis,junisja01,KCR,1.7,18,"$554,250"
2018,28,Tommy Kahnle,kahnlto01,NYY,-0.9,-9,"$1,312,500"
2018,25,Keone Kela,kelake01,2TM,1.4,13,"$1,200,000"
2018,22,Brad Keller,kellebr01,KCR,3.8,37,"$545,000"
2018,34,Shawn Kelley,kellesh01,2TM,1.1,12,"$5,500,000"
2018,30,Joe Kelly,kellyjo05,BOS,0.4,5,"$3,825,000"
2018,33,Ian Kennedy,kenneia01,KCR,0.8,8,"$16,000,000"
2018,30,Clayton Kershaw,kershcl01,LAD,3.4,31,"$35,571,429"
2018,30,Dallas Keuchel,keuchda01,HOU,2.9,29,"$13,200,000"
2018,30,Craig Kimbrel,kimbrcr01,BOS,2.3,18,"$13,000,000"
2018,24,Scott Kingery,kingesc01,PHI,-0.1,-1,"$1,000,000"
2018,27,Tyler Kinley,kinlety01,2TM,-0.5,-9,"$545,000"
2018,33,Brandon Kintzler,kintzbr01,2TM,0.2,3,"$5,000,000"
2018,32,Corey Kluber,klubeco01,CLE,5.7,55,"$10,700,000"
2018,26,Corey Knebel,knebeco01,MIL,0.4,4,"$3,650,000"
2018,33,George Kontos,kontoge01,3TM,-0.2,0,"$2,725,000"
2018,25,Chad Kuhl,kuhlch01,PIT,0.1,1,"$570,500"
2018,29,Tommy La Stella,lasteto01,CHC,0,0,"$950,000"
2018,30,Mike Leake,leakemi01,SEA,1.8,19,"$17,000,000"
2018,33,Wade LeBlanc,leblawa01,SEA,2.5,26,"$700,000"
2018,27,Mark Leiter Jr.,leitema02,2TM,-1.1,-13,"$549,500"
2018,34,Jon Lester,lestejo01,CHC,3,28,"$27,500,000"
2018,34,Francisco Liriano,liriafr01,DET,0,1,"$4,000,000"
2018,26,Ben Lively,livelbe01,2TM,0.1,1,"$550,000"
2018,23,Jonathan Loaisiga,loaisjo01,NYY,-0.2,-2,"$545,000"
2018,33,Boone Logan,loganbo02,MIL,-0.2,-2,"$1,875,000"
2018,24,Reynaldo Lopez,lopezre01,CHW,3.4,34,"$555,000"
2018,26,Michael Lorenzen,lorenmi01,CIN,1.4,14,"$1,312,500"
2018,30,Aaron Loup,loupaa01,2TM,0.3,3,"$1,812,500"
2018,28,Seth Lugo,lugose01,NYM,2.3,22,"$564,000"
2018,27,Jordan Lyles,lylesjo01,2TM,0.3,4,"$750,000"
2018,31,Lance Lynn,lynnla01,2TM,0.4,5,"$12,000,000"
2018,30,Tyler Lyons,lyonsty01,STL,-1,-7,"$1,200,000"
2018,37,Ryan Madson,madsory01,2TM,-0.7,-5,"$7,666,666"
2018,30,Kenta Maeda,maedake01,LAD,0.7,7,"$3,125,000"
2018,23,Tyler Mahle,mahlety01,CIN,0,0,"$545,000"
2018,33,Kazuhisa Makita,makitka01,SDP,-0.4,-5,"$1,900,000"
2018,26,Sean Manaea,manaese01,OAK,2.5,25,"$550,000"
2018,23,German Marquez,marquge01,COL,4.4,40,"$550,000"
2018,32,Chris Martin,martich02,TEX,0.5,6,"$1,750,000"
2018,26,Carlos Martinez,martica04,STL,1.8,16,"$11,700,000"
2018,35,Jeff Mathis,mathije01,ARI,-0.1,-1,"$2,000,000"
2018,27,Steven Matz,matzst01,NYM,1.7,16,"$577,000"
2018,27,Brandon Maurer,maurebr01,KCR,-1.2,-11,"$2,950,000"
2018,28,Trevor May,maytr01,MIN,0.5,5,"$650,000"
2018,26,Mike Mayers,mayermi01,STL,-0.2,-2,"$545,000"
2018,30,Zach McAllister,mcallza01,2TM,-0.7,-8,"$2,450,000"
2018,34,Brandon McCarthy,mccarbr01,ATL,-0.2,-2,"$11,500,000"
2018,24,Lance McCullers Jr.,mcculla02,HOU,1.7,18,"$2,450,000"
2018,29,T.J. McFarland,mcfartj01,ARI,1.4,15,"$850,000"
2018,31,Jake McGee,mcgeeja01,COL,-0.9,-7,"$7,000,000"
2018,25,Kyle McGrath,mcgraky01,SDP,0,0,"$546,900"
2018,31,Collin McHugh,mchugco01,HOU,2.1,22,"$5,000,000"
2018,32,Kris Medlen,medlekr01,ARI,-0.3,-5,"$100,000"
2018,33,Mark Melancon,melanma01,SFG,0,1,"$20,000,000"
2018,25,Daniel Mengden,mengdda01,OAK,0.8,8,"$547,500"
2018,24,Keynan Middleton,middlke01,LAA,0.8,6,"$551,000"
2018,29,Miles Mikolas,mikolmi01,STL,4.5,41,"$7,500,000"
2018,33,Andrew Miller,millean01,CLE,0.2,2,"$9,000,000"
2018,27,Shelby Miller,millesh01,ARI,-1.1,-14,"$4,900,000"
2018,27,Hoby Milner,milneho01,2TM,-0.4,-3,"$548,000"
2018,27,Juan Minaya,minayju01,CHW,1,10,"$558,000"
2018,30,Mike Minor,minormi01,TEX,3.4,33,"$8,333,334"
2018,24,A.J. Minter,minteaj01,ATL,0.8,8,"$555,000"
2018,27,Bryan Mitchell,mitchbr01,SDP,-0.5,-6,"$552,800"
2018,25,Jordan Montgomery,montgjo01,NYY,0.5,5,"$580,450"
2018,28,Mike Montgomery,montgmi01,CHC,1.1,11,"$611,250"
2018,29,Matt Moore,moorema02,TEX,-1.3,-14,"$9,000,000"
2018,35,Kendrys Morales,moralke01,TOR,0,1,"$11,000,000"
2018,28,Adam Morgan,morgaad01,PHI,0.7,7,"$559,000"
2018,25,Reyes Moronta,moronre01,SFG,1.6,13,"$545,500"
2018,33,Brandon Morrow,morrobr01,CHC,1.4,11,"$9,000,000"
2018,34,Charlie Morton,mortoch02,HOU,3.8,37,"$7,000,000"
2018,39,Peter Moylan,moylape01,ATL,-0.1,0,"$575,000"
2018,25,Joe Musgrove,musgrjo01,PIT,1.3,12,"$571,000"
2018,29,Hector Neris,nerishe01,PHI,0.2,2,"$582,500"
2018,37,Pat Neshek,neshepa01,PHI,0.8,6,"$7,750,000"
2018,25,Dovydas Neverauskas,neverdo01,PIT,-0.8,-10,"$557,500"
2018,25,Sean Newcomb,newcose01,ATL,1.6,16,"$555,000"
2018,31,Juan Nicasio,nicasju01,SEA,-1,-6,"$7,750,000"
2018,25,Aaron Nola,nolaaa01,PHI,10.2,85,"$573,000"
2018,33,Bud Norris,norribu01,STL,0.1,2,"$3,000,000"
2018,25,Daniel Norris,norrida01,DET,0,1,"$561,400"
2018,31,Ivan Nova,novaiv01,PIT,1.1,11,"$9,167,000"
2018,28,Chris O'Grady,ogradch01,MIA,-0.1,-1,"$1,090,000"
2018,28,Scott Oberg,obergsc01,COL,2.3,19,"$555,000"
2018,28,Jake Odorizzi,odorija01,MIN,1.2,12,"$6,300,000"
2018,34,Alexi Ogando,ogandal01,CLE,-0.2,-1,"$100,000"
2018,35,Seunghwan Oh,ohse01,2TM,2.4,22,"$1,750,000"
2018,23,Shohei Ohtani,ohtansh01,LAA,1.3,12,"$545,000"
2018,28,Tyler Olson,olsonty01,CLE,-0.1,0,"$548,300"
2018,29,Josh Osich,osichjo01,SFG,-0.5,-5,"$558,000"
2018,23,Roberto Osuna,osunaro01,2TM,1.4,12,"$5,300,000"
2018,33,Dan Otero,oteroda01,CLE,-0.4,-3,"$1,100,000"
2018,32,Adam Ottavino,ottavad01,COL,2.5,21,"$7,000,000"
2018,27,Emilio Pagan,paganem01,OAK,0.3,3,"$547,500"
2018,33,Blake Parker,parkebl01,LAA,1.1,12,"$1,800,000"
2018,29,James Paxton,paxtoja01,SEA,3.2,32,"$4,900,000"
2018,30,Brad Peacock,peacobr01,HOU,0.8,9,"$2,440,000"
2018,34,Cliff Pennington,pennicl01,CIN,0,0,"$1,500,000"
2018,26,Wandy Peralta,peralwa01,CIN,-0.6,-6,"$557,500"
2018,29,Wily Peralta,peralwi01,KCR,0.5,6,"$1,500,000"
2018,25,Luis Perdomo,perdolu02,SDP,-1,-12,"$566,800"
2018,27,Hernan Perez,perezhe01,MIL,-0.2,-3,"$1,975,000"
2018,27,Martin Perez,perezma02,TEX,-1,-10,"$6,000,000"
2018,36,Oliver Perez,perezol01,CLE,1.3,13,"$1,750,000"
2018,25,Dillon Peters,peterdi01,MIA,-0.6,-6,"$1,090,000"
2018,33,Yusmeiro Petit,petityu01,OAK,1.6,16,"$3,500,000"
2018,25,Nick Pivetta,pivetni01,PHI,2.2,20,"$551,000"
2018,29,Drew Pomeranz,pomerdr01,BOS,-0.5,-6,"$8,500,000"
2018,29,Rick Porcello,porceri01,BOS,3,30,"$21,125,000"
2018,25,Bobby Poyner,poynebo01,BOS,0.6,6,"$545,000"
2018,29,Ryan Pressly,pressry01,2TM,2.1,18,"$1,600,000"
2018,32,David Price,priceda01,BOS,4.2,41,"$30,000,000"
2018,29,Kevin Quackenbush,quackke01,CIN,-0.5,-6,"$690,000"
2018,25,Roman Quinn,quinnro01,PHI,-0.2,-6,"$545,000"
2018,29,Jose Quintana,quintjo01,CHC,1.8,17,"$8,850,000"
2018,28,Erasmo Ramirez,ramirer02,SEA,-0.5,-5,"$4,200,000"
2018,29,JC Ramirez,ramirjc01,LAA,-0.3,-4,"$1,900,000"
2018,28,Jose Ramirez,ramirjo02,ATL,-0.9,-9,"$565,000"
2018,28,Noe Ramirez,ramirno01,LAA,0.2,3,"$548,500"
2018,31,AJ Ramos,ramosaj01,NYM,-0.5,-3,"$9,225,000"
2018,25,Edubray Ramos,ramosed02,PHI,1.3,12,"$554,000"
2018,26,Robbie Ray,rayro02,ARI,1.1,11,"$3,950,000"
2018,29,Addison Reed,reedad01,MIN,-0.1,1,"$8,250,000"
2018,25,Cody Reed,reedco01,CIN,0.5,4,"$547,500"
2018,23,Alex Reyes,reyesal02,STL,0.3,2,"$545,600"
2018,35,Jose Reyes,reyesjo01,NYM,-0.2,-5,"$2,000,000"
2018,25,Jacob Rhame,rhameja01,NYM,-0.2,-2,"$545,650"
2018,34,Clayton Richard,richacl01,SDP,-1.1,-11,"$3,000,000"
2018,30,Garrett Richards,richaga01,LAA,0.2,2,"$7,300,000"
2018,28,Anthony Rizzo,rizzoan01,CHC,0,0,"$7,285,714"
2018,31,Tanner Roark,roarkta01,WSN,2.7,25,"$6,475,000"
2018,33,David Robertson,roberda08,NYY,0.7,8,"$13,000,000"
2018,27,Hansel Robles,robleha01,2TM,0.4,5,"$900,000"
2018,41,Fernando Rodney,rodnefe01,2TM,0.8,8,"$4,250,000"
2018,25,Carlos Rodon,rodonca01,CHW,2.2,22,"$2,300,000"
2018,25,Eduardo Rodriguez,rodried05,BOS,2.9,29,"$2,375,000"
2018,27,Taylor Rogers,rogerta01,MIN,2,19,"$565,000"
2018,24,Sal Romano,romansa01,CIN,-0.5,-5,"$545,000"
2018,27,Enny Romero,romeren01,3TM,-0.8,-12,"$565,000"
2018,32,Andrew Romine,rominan01,SEA,-0.1,-3,"$1,050,000"
2018,35,Sergio Romo,romose01,TBR,0.2,4,"$2,500,000"
2018,30,Hector Rondon,rondohe01,HOU,1,10,"$4,000,000"
2018,25,Joe Ross,rossjo01,WSN,0.1,1,"$567,900"
2018,31,Tyson Ross,rossty01,2TM,1,9,"$1,750,000"
2018,28,Ryan Rua,ruary01,TEX,0,1,"$870,000"
2018,31,Chris Rusin,rusinch01,COL,-0.9,-8,"$1,287,500"
2018,31,Hyun-Jin Ryu,ryuhy01,LAD,2.2,20,"$7,833,000"
2018,32,Marc Rzepczynski,rzepcma01,2TM,-0.5,-4,"$5,500,000"
2018,37,CC Sabathia,sabatc.01,NYY,1.9,19,"$10,000,000"
2018,33,Fernando Salas,salasfe01,ARI,-0.3,-2,"$1,500,000"
2018,29,Chris Sale,salech01,BOS,6.9,62,"$12,500,000"
2018,33,Jeff Samardzija,samarje01,SFG,-0.7,-7,"$19,800,000"
2018,25,Aaron Sanchez,sanchaa01,TOR,1,10,"$2,700,000"
2018,34,Anibal Sanchez,sanchan01,ATL,3.1,28,"$1,000,000"
2018,31,Pablo Sandoval,sandopa01,SFG,0,1,"$545,000"
2018,26,Edgar Santana,santaed01,PIT,1.1,11,"$556,500"
2018,35,Ervin Santana,santaer01,MIN,-0.6,-8,"$13,500,000"
2018,30,Hector Santiago,santihe01,CHW,0.8,9,"$2,000,000"
2018,28,Warwick Saupold,saupowa01,DET,0.3,3,"$550,400"
2018,33,Max Scherzer,scherma01,WSN,8.4,72,"$22,143,000"
2018,23,Antonio Senzatela,senzaan01,COL,1.3,13,"$550,000"
2018,24,Luis Severino,severlu01,NYY,4.1,40,"$604,975"
2018,28,Paul Sewald,sewalpa01,NYM,-0.9,-7,"$553,250"
2018,29,Kevin Shackelford,shackke01,CIN,-0.3,-4,"$545,000"
2018,30,Bryan Shaw,shawbr01,COL,-1.1,-10,"$7,500,000"
2018,36,James Shields,shielja02,CHW,1.6,18,"$21,000,000"
2018,31,Matt Shoemaker,shoemma01,LAA,0.2,2,"$4,125,000"
2018,27,Chasen Shreve,shrevch01,2TM,0.1,1,"$825,000"
2018,34,Tony Sipp,sippto01,HOU,1.4,14,"$6,000,000"
2018,26,Tyler Skaggs,skaggty01,LAA,1.5,16,"$1,875,000"
2018,28,Burch Smith,smithbu03,KCR,-1.1,-13,"$554,250"
2018,26,Caleb Smith,smithca03,MIA,0.6,6,"$1,090,000"
2018,28,Carson Smith,smithca02,BOS,0.3,3,"$850,000"
2018,34,Joe Smith,smithjo05,HOU,0.5,5,"$7,000,000"
2018,28,Will Smith,smithwi04,SFG,0.9,8,"$2,500,000"
2018,29,Josh Smoker,smokejo01,2TM,-0.3,-3,"$570,500"
2018,29,Jake Smolinski,smolija01,OAK,-0.1,-1,"$775,000"
2018,29,Sammy Solis,solissa01,WSN,-0.6,-4,"$560,300"
2018,34,Joakim Soria,soriajo01,2TM,0.9,10,"$9,000,000"
2018,27,Cory Spangenberg,spangco01,SDP,-0.1,-2,"$1,700,000"
2018,34,Craig Stammen,stammcr01,SDP,1.7,15,"$2,250,000"
2018,27,Drew Steckenrider,steckdr01,MIA,0.3,4,"$1,090,000"
2018,24,Jackson Stephens,stephja01,CIN,-0.8,-9,"$545,000"
2018,26,Matt Strahm,strahma01,SDP,1.6,15,"$552,700"
2018,29,Dan Straily,straida01,MIA,0.6,6,"$3,375,000"
2018,29,Stephen Strasburg,strasst01,WSN,2.7,24,"$18,333,333"
2018,27,Chris Stratton,stratch01,SFG,-0.9,-9,"$552,500"
2018,29,Hunter Strickland,strichu01,SFG,-0.5,-3,"$1,550,000"
2018,28,Ross Stripling,stripro01,LAD,2.5,23,"$555,000"
2018,27,Marcus Stroman,stromma01,TOR,0.3,3,"$6,500,000"
2018,33,Pedro Strop,stroppe01,CHC,2,16,"$5,850,000"
2018,27,Daniel Stumpf,stumpda01,DET,-0.2,0,"$552,000"
2018,30,Jesus Sucre,sucreje01,TBR,-0.1,-2,"$925,000"
2018,28,Brent Suter,suterbr01,MIL,-0.2,-2,"$556,500"
2018,32,Anthony Swarzak,swarzan01,NYM,-0.4,-3,"$5,500,000"
2018,25,Noah Syndergaard,syndeno01,NYM,4.1,36,"$2,975,000"
2018,29,Masahiro Tanaka,tanakma01,NYY,2.4,24,"$22,000,000"
2018,32,Junichi Tazawa,tazawju01,2TM,-0.8,-9,"$7,100,000"
2018,27,Julio Teheran,teherju01,ATL,1.6,16,"$8,166,667"
2018,30,Ryan Tepera,teperry01,TOR,1.4,13,"$574,700"
2018,29,Tyler Thornburg,thornty01,BOS,-0.1,-1,"$2,050,000"
2018,30,Chris Tillman,tillmch01,BAL,-1.1,-13,"$3,000,000"
2018,22,Carlos Tocci,toccica01,TEX,0,1,"$545,000"
2018,33,Josh Tomlin,tomlijo01,CLE,-1,-11,"$3,000,000"
2018,30,Blake Treinen,treinbl01,OAK,4.1,30,"$2,150,000"
2018,29,Andrew Triggs,triggan01,OAK,-0.1,-1,"$550,000"
2018,25,Sam Tuivailala,tuivasa01,2TM,0.4,4,"$554,600"
2018,27,Jacob Turner,turneja01,2TM,-0.9,-13,"$2,000,000"
2018,21,Julio Urias,uriasju01,LAD,0.1,2,"$550,000"
2018,33,Danny Valencia,valenda01,BAL,0,0,"$1,200,000"
2018,35,Jason Vargas,vargaja01,NYM,-0.3,-3,"$6,000,000"
2018,26,Felipe Vazquez,riverfe01,PIT,1.6,13,"$3,000,000"
2018,26,Vince Velasquez,velasvi01,PHI,1.7,16,"$559,000"
2018,29,Hector Velazquez,velazhe01,BOS,1.5,17,"$547,000"
2018,27,Drew VerHagen,verhadr01,DET,0.5,6,"$551,400"
2018,35,Justin Verlander,verlaju01,HOU,6.8,64,"$28,000,000"
2018,31,Nick Vincent,vinceni01,SEA,0.4,5,"$2,750,000"
2018,27,Arodys Vizcaino,vizcaar01,ATL,1.2,10,"$3,400,000"
2018,26,Michael Wacha,wachami01,STL,0.9,9,"$5,300,000"
2018,36,Adam Wainwright,wainwad01,STL,0.2,2,"$19,500,000"
2018,29,Marcus Walden,waldema01,BOS,0.1,2,"$545,000"
2018,25,Taijuan Walker,walketa01,ARI,0.2,2,"$4,825,000"
2018,30,Adam Warren,warread01,2TM,1,11,"$3,315,000"
2018,33,Tony Watson,watsoto01,SFG,1.8,15,"$3,000,000"
2018,24,Luke Weaver,weavelu01,STL,-0.9,-10,"$550,800"
2018,28,Zack Wheeler,wheelza01,NYM,3.9,36,"$1,900,000"
2018,29,Chase Whitley,whitlch01,ATL,-0.1,-2,"$800,000"
2018,26,Trevor Williams,willitr01,PIT,4,36,"$569,500"
2018,31,Alex Wilson,wilsoal01,DET,1.3,12,"$1,925,000"
2018,30,Justin Wilson,wilsoju10,CHC,0.7,7,"$4,250,000"
2018,28,Dan Winkler,winklda01,ATL,0.2,3,"$610,000"
2018,27,Alex Wood,woodal02,LAD,1.3,12,"$6,000,000"
2018,32,Blake Wood,woodbl01,LAA,0.4,4,"$1,450,000"
2018,25,Brandon Woodruff,woodrbr01,MIL,0.3,4,"$550,100"
2018,29,Brandon Workman,workmbr01,BOS,0.9,9,"$835,000"
2018,28,Mike Wright,wrighmi01,BAL,0,1,"$553,500"
2018,33,Steven Wright,wrighst01,BOS,1.6,16,"$1,100,000"
2018,26,Ryan Yarbrough,yarbrry01,TBR,1.1,12,"$545,000"
2018,31,Kirby Yates,yateski01,SDP,2.1,16,"$1,062,500"
2018,38,Brad Ziegler,zieglbr01,2TM,0,2,"$9,000,000"
2018,32,Jordan Zimmermann,zimmejo02,DET,0.7,8,"$24,000,000"
