yearID,Age,Name,playerID,Tm,RAR,WAR,Salary
2016,29,Jose Abreu,abreujo02,CHW,30,3.1,13334000
2016,28,Dustin Ackley,ackledu01,NYY,-2,-0.2,3200000
2016,24,Cristhian Adames,adamecr01,COL,-7,-0.8,509500
2016,27,Matt Adams,adamsma01,STL,7,0.5,1650000
2016,26,Ehire Adrianza,adriaeh01,SFG,0,-0.1,512500
2016,26,Nick Ahmed,ahmedni01,ARI,5,0.4,521600
2016,23,Hanser Alberto,alberha01,TEX,-6,-0.6,511500
2016,29,Yonder Alonso,alonsyo01,OAK,-2,-0.2,2650000
2016,25,Aaron Altherr,altheaa01,PHI,-1,-0.2,515500
2016,26,Jose Altuve,altuvjo01,HOU,78,7.9,3500000
2016,29,Pedro Alvarez,alvarpe01,BAL,9,0.9,5750000
2016,27,Alexi Amarista,amarial01,SDP,-5,-0.6,1350000
2016,27,Elvis Andrus,andruel01,TEX,28,2.9,15000000
2016,34,Nori Aoki,aokino01,SEA,16,1.7,5500000
2016,25,Oswaldo Arcia,arciaos01,4TM,-11,-1.2,535000
2016,25,Nolan Arenado,arenano01,COL,60,5.9,5000000
2016,26,Cody Asche,ascheco01,PHI,-7,-0.8,530000
2016,29,Alex Avila,avilaal01,CHW,9,1,2500000
2016,32,Erick Aybar,aybarer01,2TM,2,0.1,8500000
2016,23,Javier Baez,baezja01,CHC,29,2.8,521000
2016,26,Austin Barnes,barneau01,LAD,-1,-0.1,512500
2016,30,Brandon Barnes,barnebr02,COL,1,0,1000000
2016,30,Darwin Barney,barneda01,TOR,16,1.7,1050000
2016,25,Tucker Barnhart,barnhtu01,CIN,11,0.9,517500
2016,35,Jose Bautista,bautijo02,TOR,12,1.2,14000000
2016,29,Gordon Beckham,beckhgo01,2TM,-6,-0.8,1250000
2016,26,Tim Beckham,beckhti01,TBR,6,0.6,514500
2016,28,Brandon Belt,beltbr01,SFG,42,4.1,6200000
2016,39,Carlos Beltran,beltrca01,2TM,21,2.2,15000000
2016,37,Adrian Beltre,beltrad01,TEX,65,6.7,18000000
2016,24,Christian Bethancourt,bethach01,SDP,0,-0.1,511200
2016,23,Mookie Betts,bettsmo01,BOS,92,9.5,566000
2016,29,Charlie Blackmon,blackch02,COL,48,4.6,3500000
2016,32,Andres Blanco,blancan01,PHI,-4,-0.5,1450000
2016,32,Gregor Blanco,blancgr01,SFG,-8,-1,3900000
2016,26,Jabari Blash,blashja01,SDP,1,0,507500
2016,23,Xander Bogaerts,bogaexa01,BOS,37,3.8,650500
2016,28,Justin Bour,bourju01,MIA,14,1.3,537500
2016,29,Peter Bourjos,bourjpe01,PHI,5,0.4,2000000
2016,26,Jackie Bradley Jr.,bradlja02,BOS,56,5.8,546500
2016,29,Michael Brantley,brantmi02,CLE,-1,-0.1,7375000
2016,32,Ryan Braun,braunry02,MIL,44,4.3,20000000
2016,23,Socrates Brito,britoso01,ARI,-4,-0.5,508500
2016,24,Trevor Brown,browntr01,SFG,1,0,508000
2016,26,Keon Broxton,broxtke01,MIL,21,2.1,508500
2016,29,Jay Bruce,bruceja01,2TM,13,1,12500000
2016,24,Kris Bryant,bryankr01,CHC,74,7.3,652000
2016,26,Billy Burns,burnsbi02,2TM,-8,-0.9,512500
2016,31,Emmanuel Burriss,burriem01,PHI,-6,-0.6,925000
2016,32,Drew Butera,buterdr01,KCR,3,0.3,1162500
2016,30,Billy Butler,butlebi03,2TM,0,0,11667000
2016,22,Byron Buxton,buxtoby01,MIN,17,1.7,512500
2016,38,Marlon Byrd,byrdma01,CLE,2,0.2,1000000
2016,30,Asdrubal Cabrera,cabreas01,NYM,35,3.3,8250000
2016,31,Melky Cabrera,cabreme01,CHW,24,2.5,14000000
2016,33,Miguel Cabrera,cabremi01,DET,49,5.1,28000000
2016,30,Lorenzo Cain,cainlo01,KCR,29,3,6500000
2016,28,Kole Calhoun,calhoko01,LAA,31,3.2,3400000
2016,29,Eric Campbell,campber01,NYM,-3,-0.3,513308
2016,27,Mark Canha,canhama01,OAK,-5,-0.6,512500
2016,33,Robinson Cano,canoro01,SEA,71,7.3,24000000
2016,30,Matt Carpenter,carpema01,STL,43,4.1,6500000
2016,29,Ezequiel Carrera,carreez01,TOR,9,0.9,521800
2016,29,Chris Carter,cartech02,MIL,11,0.9,2500000
2016,27,Curt Casali,casalcu01,TBR,9,0.9,513600
2016,24,Nicholas Castellanos,casteni01,DET,22,2.3,536500
2016,28,Rusney Castillo,castiru02,BOS,0,0,11271000
2016,29,Welington Castillo,castiwe01,ARI,23,2.2,3700000
2016,29,Jason Castro,castrja01,HOU,10,1,5000000
2016,26,Starlin Castro,castrst01,NYY,11,1.2,7857143
2016,30,Francisco Cervelli,cervefr01,PIT,17,1.5,3500000
2016,30,Yoenis Cespedes,cespeyo01,NYM,31,3,27500000
2016,32,Robinson Chirinos,chiriro01,TEX,8,0.8,1550000
2016,27,Lonnie Chisenhall,chiselo01,CLE,15,1.5,2725000
2016,25,Ji-Man Choi,choiji01,LAA,-6,-0.6,650000
2016,33,Shin-Soo Choo,choosh01,TEX,2,0.2,20000000
2016,30,Steve Clevenger,clevest01,SEA,0,0,516500
2016,31,Chris Coghlan,coghlch01,2TM,-5,-0.6,4800000
2016,32,Chris Colabello,colabch01,TOR,-5,-0.6,521300
2016,26,Tyler Collins,collity01,DET,-4,-0.4,510500
2016,27,Christian Colon,colonch01,KCR,4,0.4,518425
2016,23,Michael Conforto,confomi01,NYM,7,0.6,517246
2016,28,Hank Conger,congeha01,TBR,-5,-0.5,1500000
2016,21,Carlos Correa,correca01,HOU,69,7,516700
2016,30,Collin Cowgill,cowgico01,CLE,-2,-0.2,1000000
2016,30,Zack Cozart,cozarza01,CIN,23,2.2,2925000
2016,29,Brandon Crawford,crawfbr01,SFG,55,5.5,6000000
2016,36,Coco Crisp,crispco01,2TM,4,0.4,11000000
2016,26,C.J. Cron,croncj01,LAA,19,1.9,525000
2016,35,Nelson Cruz,cruzne02,SEA,47,4.8,14250000
2016,29,Tony Cruz,cruzto03,KCR,-1,-0.1,975000
2016,27,Charlie Culberson,culbech01,LAD,4,0.4,535000
2016,27,Todd Cunningham,cunnito01,LAA,0,-0.1,509000
2016,27,Travis d'Arnaud,darnatr01,NYM,-4,-0.5,542604
2016,30,Chris Davis,davisch02,BAL,30,3.1,23000000
2016,28,Khris Davis,daviskh01,OAK,24,2.5,524500
2016,35,Rajai Davis,davisra01,CLE,9,0.9,5250000
2016,32,Alejandro De Aza,deazaal01,NYM,-2,-0.4,5750000
2016,29,Ivan De Jesus,dejesiv02,CIN,0,-0.1,517000
2016,29,Daniel Descalso,descada01,COL,7,0.5,2100000
2016,23,Delino DeShields,deshide02,TEX,-1,-0.1,517130
2016,30,Ian Desmond,desmoia01,TEX,21,2.2,8000000
2016,25,Aledmys Diaz,diazal02,STL,30,2.9,2500000
2016,25,Elias Diaz,diazel01,PIT,-1,-0.1,510000
2016,27,Corey Dickerson,dickeco01,TBR,16,1.6,522900
2016,26,Derek Dietrich,dietrde01,MIA,26,2.5,522500
2016,30,Josh Donaldson,donaljo02,TOR,71,7.2,11650000
2016,29,Brian Dozier,doziebr01,MIN,57,5.8,3000000
2016,33,Stephen Drew,drewst01,WSN,9,0.9,3000000
2016,23,Brandon Drury,drurybr01,ARI,3,0,508900
2016,30,Lucas Duda,dudalu01,NYM,1,0,6725000
2016,25,Matt Duffy,duffyma01,2TM,12,1.1,537500
2016,27,Matt Duffy,duffyma02,HOU,-1,-0.1,510200
2016,27,Adam Duvall,duvalad01,CIN,34,3.3,510000
2016,31,Jarrod Dyson,dysonja01,KCR,28,2.9,1725000
2016,27,Adam Eaton,eatonad02,CHW,64,6.6,2750000
2016,35,A.J. Ellis,ellisaj01,2TM,1,0,4500000
2016,32,Jacoby Ellsbury,ellsbja01,NYY,26,2.7,21142857
2016,33,Edwin Encarnacion,encared01,TOR,40,4.1,10000000
2016,29,Alcides Escobar,escobal02,KCR,7,0.7,5250000
2016,27,Eduardo Escobar,escobed01,MIN,-6,-0.7,2150000
2016,33,Yunel Escobar,escobyu01,LAA,12,1.2,7000000
2016,29,Danny Espinosa,espinda01,WSN,21,2,2875000
2016,34,Andre Ethier,ethiean01,LAD,-2,-0.2,18000000
2016,32,Prince Fielder,fieldpr01,TEX,-15,-1.6,24000000
2016,29,Ryan Flaherty,flahery01,BAL,5,0.5,1500000
2016,24,Ramon Flores,florera02,MIL,-12,-1.4,508800
2016,24,Wilmer Flores,florewi01,NYM,8,0.6,526014
2016,30,Tyler Flowers,flowety01,ATL,5,0.4,2000000
2016,29,Logan Forsythe,forsylo01,TBR,34,3.5,2250000
2016,30,Dexter Fowler,fowlede01,CHC,41,4,8000000
2016,23,Maikel Franco,francma02,PHI,9,0.6,517500
2016,32,Jeff Francoeur,francje02,2TM,5,0.3,1000000
2016,30,Todd Frazier,frazito01,CHW,33,3.4,8250000
2016,26,Freddie Freeman,freemfr01,ATL,65,6.3,12000000
2016,33,David Freese,freesda01,PIT,19,1.7,3000000
2016,30,Eric Fryer,fryerer01,2TM,3,0.3,575000
2016,26,Freddy Galvis,galvifr01,PHI,13,1.1,2000000
2016,31,Adonis Garcia,garciad01,ATL,1,-0.2,508750
2016,25,Avisail Garcia,garciav01,CHW,9,0.9,2100000
2016,26,Greg Garcia,garcigr01,STL,16,1.5,507500
2016,32,Brett Gardner,gardnbr01,NYY,31,3.2,13500000
2016,29,Evan Gattis,gattiev01,HOU,29,3,3200000
2016,30,Cory Gearrin,gearrco01,SFG,1,0.1,550000
2016,26,Scooter Gennett,gennesc01,MIL,7,0.5,518100
2016,32,Craig Gentry,gentrcr01,LAA,-4,-0.4,1000000
2016,28,Johnny Giavotella,giavojo01,LAA,2,0.2,532500
2016,23,Tyler Goeddel,goeddty01,PHI,-10,-1.2,507500
2016,28,Ryan Goins,goinsry01,TOR,-6,-0.7,520200
2016,28,Paul Goldschmidt,goldspa01,ARI,51,5,5875000
2016,28,Yan Gomes,gomesya01,CLE,-7,-0.8,2500000
2016,30,Carlos Gomez,gomezca01,2TM,0,0,9000000
2016,34,Adrian Gonzalez,gonzaad01,LAD,21,1.9,21857000
2016,30,Carlos Gonzalez,gonzaca01,COL,25,2.3,17000000
2016,27,Marwin Gonzalez,gonzama01,HOU,12,1.2,2000000
2016,32,Alex Gordon,gordoal01,KCR,7,0.7,12000000
2016,28,Dee Gordon,gordode01,MIA,5,0.3,3300000
2016,25,Anthony Gose,gosean01,DET,-3,-0.3,525000
2016,27,Phil Gosselin,gosseph01,ARI,6,0.5,513900
2016,27,Yasmani Grandal,grandya01,LAD,31,3,2800000
2016,35,Curtis Granderson,grandcu01,NYM,30,2.8,16000000
2016,26,Didi Gregorius,gregodi01,NYY,23,2.3,2425000
2016,24,Randal Grichuk,grichra01,STL,29,2.7,520000
2016,32,Yuli Gurriel,gourryu01,HOU,6,0.7,1900000
2016,33,Franklin Gutierrez,gutiefr01,SEA,3,0.3,1500000
2016,30,Brandon Guyer,guyerbr01,2TM,20,2.1,1185000
2016,27,Jedd Gyorko,gyorkje01,STL,28,2.7,4000000
2016,25,Billy Hamilton,hamilbi02,CIN,32,3.1,570000
2016,35,Ryan Hanigan,hanigry01,BOS,-7,-0.7,3700000
2016,33,J.J. Hardy,hardyjj01,BAL,20,2.1,12500000
2016,23,Bryce Harper,harpebr03,WSN,17,1.5,5000000
2016,28,Josh Harrison,harrijo05,PIT,22,2,5250000
2016,28,Jeremy Hazelbaker,hazelje01,STL,3,0.2,507500
2016,32,Chase Headley,headlch01,NYY,23,2.3,13000000
2016,27,Adeiny Hechavarria,hechaad01,MIA,12,1,2625000
2016,31,Chris Heisey,heisech01,WSN,0,-0.1,1250000
2016,26,Cesar Hernandez,hernace02,PHI,32,3,525000
2016,24,Enrique Hernandez,hernaen02,LAD,0,-0.1,520000
2016,24,Odubel Herrera,herreod01,PHI,48,4.6,528000
2016,28,Chris Herrmann,herrmch01,ARI,13,1.3,516900
2016,26,Jason Heyward,heywaja01,CHC,12,1,21666666
2016,26,Aaron Hicks,hicksaa01,NYY,-2,-0.2,574000
2016,34,Aaron Hill,hillaa01,2TM,13,1.2,12000000
2016,28,Bryan Holaday,holadbr01,2TM,3,0.3,519000
2016,36,Matt Holliday,hollima01,STL,7,0.5,17000000
2016,28,Brock Holt,holtbr01,BOS,16,1.6,606000
2016,27,Tyler Holt,holtty01,CIN,-8,-1,507500
2016,26,Eric Hosmer,hosmeer01,KCR,16,1.6,8250000
2016,36,Ryan Howard,howarry01,PHI,-10,-1.2,25000000
2016,32,Nick Hundley,hundlni01,COL,2,0.1,3150000
2016,28,Cedric Hunter,huntece01,PHI,-6,-0.7,507500
2016,33,Chris Iannetta,iannech01,SEA,2,0.2,4250000
2016,26,Jose Iglesias,iglesjo01,DET,24,2.5,2100000
2016,25,Ender Inciarte,inciaen01,ATL,39,3.8,523000
2016,29,Austin Jackson,jacksau01,CHW,-1,-0.1,5000000
2016,25,Travis Jankowski,jankotr01,SDP,15,1.4,508800
2016,32,John Jaso,jasojo01,PIT,8,0.7,4000000
2016,31,Jon Jay,jayjo02,SDP,13,1.2,6850000
2016,29,Desmond Jennings,jennide01,TBR,9,0.9,3300000
2016,31,Chris Johnson,johnsch05,MIA,-6,-0.7,507500
2016,34,Kelly Johnson,johnske05,2TM,1,-0.1,2000000
2016,30,Adam Jones,jonesad01,BAL,16,1.7,16333333
2016,30,Caleb Joseph,josepca01,BAL,-7,-0.8,523500
2016,31,Matthew Joyce,joycema01,PIT,19,1.8,1000000
2016,29,Jung Ho Kang,kangju01,PIT,24,2.3,2500000
2016,31,Matt Kemp,kempma01,2TM,6,0.3,21750000
2016,32,Howie Kendrick,kendrho01,LAD,9,0.6,10000000
2016,26,Kevin Kiermaier,kiermke01,TBR,53,5.5,514400
2016,28,Hyun Soo Kim,kimhy01,BAL,8,0.9,2800000
2016,34,Ian Kinsler,kinslia01,DET,54,5.6,14000000
2016,29,Jason Kipnis,kipnija01,CLE,37,3.8,6166667
2016,36,Erik Kratz,kratzer01,2TM,-10,-1.1,850000
2016,27,Tommy La Stella,lasteto01,CHC,5,0.4,532000
2016,27,Juan Lagares,lagarju01,NYM,9,0.8,2500000
2016,26,Junior Lake,lakeju01,TOR,-1,-0.1,520200
2016,25,Jake Lamb,lambja01,ARI,30,2.9,520300
2016,26,Brett Lawrie,lawribr01,CHW,11,1.2,4125000
2016,34,Dae-ho Lee,leeda02,SEA,2,0.1,1000000
2016,27,DJ LeMahieu,lemahdj01,COL,54,5.3,3000000
2016,32,Adam Lind,lindad01,SEA,-2,-0.3,8000000
2016,22,Francisco Lindor,lindofr01,CLE,49,5.1,540300
2016,31,Jose Lobaton,lobatjo01,WSN,3,0.3,1387500
2016,30,Evan Longoria,longoev01,TBR,43,4.4,11500000
2016,32,Jed Lowrie,lowrije01,OAK,-4,-0.4,7500000
2016,30,Jonathan Lucroy,lucrojo01,2TM,38,3.7,4000000
2016,23,Manny Machado,machama01,BAL,71,7.3,5000000
2016,26,Mikie Mahtook,mahtomi01,TBR,-10,-1.1,512200
2016,29,Martin Maldonado,maldoma01,MIL,9,0.8,1125000
2016,25,Jake Marisnick,marisja01,HOU,17,1.7,519500
2016,32,Nick Markakis,markani01,ATL,19,1.6,11000000
2016,22,Ketel Marte,marteke01,SEA,4,0.4,515400
2016,27,Starling Marte,martest01,PIT,49,4.8,3333333
2016,28,Leonys Martin,martile01,SEA,11,1.1,4150000
2016,33,Russell Martin,martiru01,TOR,19,2,15000000
2016,28,J.D. Martinez,martijd02,DET,17,1.7,6750000
2016,37,Victor Martinez,martivi01,DET,14,1.5,18000000
2016,33,Jeff Mathis,mathije01,MIA,5,0.4,1500000
2016,33,Joe Mauer,mauerjo01,MIN,22,2.2,23000000
2016,29,Cameron Maybin,maybica01,DET,16,1.7,8000000
2016,32,Brian McCann,mccanbr01,NYY,8,0.8,17000000
2016,26,James McCann,mccanja02,DET,9,0.9,519500
2016,29,Andrew McCutchen,mccutan01,PIT,0,-0.3,13000000
2016,29,Jordy Mercer,mercejo03,PIT,14,1.2,2075000
2016,28,Devin Mesoraco,mesorde01,CIN,-2,-0.2,5025000
2016,26,Brad Miller,millebr02,TBR,8,0.9,527600
2016,25,Shelby Miller,millesh01,ARI,-1,-0.1,4350000
2016,33,Yadier Molina,molinya01,STL,31,3,14000000
2016,32,Miguel Montero,montemi01,CHC,-2,-0.3,14000000
2016,33,Kendrys Morales,moralke01,KCR,9,0.9,9000000
2016,30,Mitch Moreland,morelmi01,TEX,10,1,5700000
2016,35,Justin Morneau,morneju01,CHW,2,0.2,1000000
2016,28,Logan Morrison,morrilo01,TBR,4,0.4,4200000
2016,34,Mike Morse,morsemi01,PIT,-2,-0.2,8500000
2016,32,Brandon Moss,mossbr01,STL,7,0.5,8250000
2016,27,Mike Moustakas,moustmi01,KCR,7,0.8,5600000
2016,31,Daniel Murphy,murphda08,WSN,47,4.5,8000000
2016,25,John Ryan Murphy,murphjr01,MIN,-5,-0.5,528700
2016,25,Wil Myers,myerswi01,SDP,36,3.5,523900
2016,34,Mike Napoli,napolmi01,CLE,10,1,7000000
2016,25,Tyler Naquin,naquity01,CLE,13,1.3,507500
2016,33,Daniel Nava,navada01,2TM,-9,-0.9,1375000
2016,32,Dioner Navarro,navardi01,2TM,-9,-1,4000000
2016,28,Kirk Nieuwenhuis,nieuwki01,MIL,8,0.7,514000
2016,27,Derek Norris,norride01,SDP,5,0.3,2925000
2016,29,Eduardo Nunez,nunezed02,2TM,17,1.7,1475000
2016,22,Rougned Odor,odorro01,TEX,26,2.7,522700
2016,30,Paulo Orlando,orlanpa01,KCR,20,2,514250
2016,40,David Ortiz,ortizda01,BOS,51,5.2,16000000
2016,24,Chris Owings,owingch01,ARI,12,1,530500
2016,25,Marcell Ozuna,ozunama01,MIA,23,2.1,570000
2016,34,Angel Pagan,paganan01,SFG,19,1.8,11250000
2016,25,Joe Panik,panikjo01,SFG,14,1.2,545000
2016,29,ByungHo Park,parkby01,MIN,-3,-0.3,2750000
2016,29,Gerardo Parra,parrage01,COL,-21,-2.4,8000000
2016,28,Ben Paulsen,paulsbe01,COL,-11,-1.2,512500
2016,33,Steve Pearce,pearcst01,2TM,21,2.2,4750000
2016,24,Joc Pederson,pederjo01,LAD,35,3.4,520000
2016,32,Dustin Pedroia,pedrodu01,BOS,52,5.4,13000000
2016,34,Brayan Pena,penabr01,STL,-2,-0.2,2500000
2016,33,Hunter Pence,pencehu01,SFG,24,2.2,18500000
2016,32,Cliff Pennington,pennicl01,LAA,5,0.5,1500000
2016,28,David Peralta,peralda01,ARI,5,0.5,529600
2016,34,Jhonny Peralta,peraljh01,STL,-2,-0.3,12500000
2016,22,Jose Peraza,perazjo01,CIN,4,0.3,507500
2016,25,Carlos Perez,perezca02,LAA,7,0.7,513000
2016,27,Roberto Perez,perezro02,CLE,6,0.6,515800
2016,26,Salvador Perez,perezsa02,KCR,28,2.9,2000000
2016,26,Jace Peterson,peterja01,ATL,10,0.9,520500
2016,28,Tommy Pham,phamth01,STL,-2,-0.3,510000
2016,28,Josh Phegley,phegljo01,OAK,2,0.2,512500
2016,35,Brandon Phillips,phillbr01,CIN,3,0.1,13000000
2016,39,A.J. Pierzynski,pierza.01,ATL,-12,-1.4,3000000
2016,27,Kevin Pillar,pillake01,TOR,34,3.6,521100
2016,25,Stephen Piscotty,piscost01,STL,30,2.8,512500
2016,25,Kevin Plawecki,plaweke01,NYM,1,0,511360
2016,30,Trevor Plouffe,plouftr01,MIN,2,0.2,7250000
2016,24,Gregory Polanco,polangr01,PIT,18,1.6,535000
2016,28,A.J. Pollock,polloaj01,ARI,4,0.4,3500000
2016,29,Buster Posey,poseybu01,SFG,49,4.9,20000000
2016,32,Martin Prado,pradoma01,MIA,40,3.8,11000000
2016,23,Jurickson Profar,profaju01,TEX,4,0.4,605000
2016,25,Yasiel Puig,puigya01,LAD,14,1.3,7214000
2016,36,Albert Pujols,pujolal01,LAA,15,1.5,25000000
2016,35,Ryan Raburn,raburry01,COL,-5,-0.7,1500000
2016,34,Alexei Ramirez,ramiral03,2TM,-14,-1.7,3000000
2016,32,Hanley Ramirez,ramirha01,BOS,25,2.6,22750000
2016,23,Jose Ramirez,ramirjo01,CLE,47,4.8,518200
2016,28,Wilson Ramos,ramoswi01,WSN,32,3,5350000
2016,29,Colby Rasmus,rasmuco01,HOU,25,2.6,15800000
2016,25,J.T. Realmuto,realmjt01,MIA,28,2.6,532500
2016,29,Josh Reddick,reddijo01,2TM,24,2.4,6575000
2016,32,Nolan Reimold,reimono01,BAL,-2,-0.3,1300000
2016,26,Anthony Rendon,rendoan01,WSN,46,4.5,2800000
2016,28,Ben Revere,reverbe01,WSN,-7,-1,6250000
2016,32,Mark Reynolds,reynoma01,COL,15,1.3,2600000
2016,25,Joey Rickard,rickajo01,BAL,-3,-0.3,507500
2016,24,Yadiel Rivera,riverya01,MIL,-1,-0.1,508600
2016,26,Anthony Rizzo,rizzoan01,CHC,59,5.8,5000000
2016,31,Clint Robinson,robincl01,WSN,-7,-0.8,534900
2016,40,Alex Rodriguez,rodrial01,NYY,-11,-1.2,21000000
2016,31,Sean Rodriguez,rodrise01,PIT,18,1.8,2500000
2016,27,Miguel Rojas,rojasmi02,MIA,-1,-0.2,511000
2016,37,Jimmy Rollins,rolliji01,CHW,-4,-0.4,2000000
2016,30,Andrew Romine,rominan01,DET,5,0.5,900000
2016,27,Austin Romine,rominau01,NYY,-2,-0.2,556000
2016,33,Adam Rosales,rosalad01,SDP,24,2.3,800000
2016,24,Eddie Rosario,rosared01,MIN,11,1.2,542500
2016,39,David Ross,rossda01,CHC,16,1.6,2500000
2016,26,Ryan Rua,ruary01,TEX,6,0.6,510120
2016,29,Darin Ruf,rufda01,PHI,-6,-0.7,527000
2016,34,Justin Ruggiano,ruggiju01,2TM,2,0.3,1650000
2016,37,Carlos Ruiz,ruizca01,2TM,18,1.8,8500000
2016,27,Cameron Rupp,ruppca01,PHI,13,1.1,518000
2016,22,Addison Russell,russead02,CHC,38,3.7,527000
2016,26,Tyler Saladino,saladty01,CHW,18,1.9,513000
2016,31,Jarrod Saltalamacchia,saltaja01,DET,-5,-0.5,507500
2016,29,Pablo Sandoval,sandopa01,BOS,-2,-0.2,17600000
2016,28,Jerry Sands,sandsje01,CHW,-3,-0.3,535000
2016,23,Miguel Sano,sanomi01,MIN,3,0.3,547500
2016,30,Carlos Santana,santaca01,CLE,34,3.5,8250000
2016,25,Danny Santana,santada01,MIN,-15,-1.5,537500
2016,23,Domingo Santana,santado01,MIL,-1,-0.2,513800
2016,23,Luis Sardinas,sardilu01,2TM,-3,-0.3,512000
2016,29,Michael Saunders,saundmi01,TOR,14,1.5,2900000
2016,25,Scott Schebler,schebsc01,CIN,6,0.5,507500
2016,24,Jonathan Schoop,schoojo01,BAL,33,3.4,522500
2016,23,Kyle Schwarber,schwaky01,CHC,-1,-0.1,522000
2016,22,Corey Seager,seageco01,LAD,54,5.2,510000
2016,28,Kyle Seager,seageky01,SEA,65,6.7,8000000
2016,26,Jean Segura,segurje01,ARI,66,6.4,2600000
2016,25,Marcus Semien,semiema01,OAK,34,3.5,512500
2016,26,Travis Shaw,shawtr01,BOS,17,1.7,515000
2016,29,JB Shuck,shuckja01,CHW,-17,-1.8,521000
2016,26,Andrelton Simmons,simmoan01,LAA,42,4.4,6000000
2016,33,Seth Smith,smithse01,SEA,5,0.5,6750000
2016,29,Justin Smoak,smoakju01,TOR,-5,-0.5,3900000
2016,28,Yangervis Solarte,solarya01,SDP,29,2.8,525500
2016,24,Jorge Soler,solerjo01,CHC,3,0.2,3666667
2016,33,Geovany Soto,sotoge01,LAA,4,0.4,2800000
2016,27,Steven Souza Jr.,souzast01,TBR,8,0.8,516100
2016,32,Denard Span,spande01,SFG,18,1.6,5000000
2016,25,Cory Spangenberg,spangco01,SDP,5,0.5,517700
2016,26,George Springer,springe01,HOU,49,5.1,522400
2016,26,Giancarlo Stanton,stantmi03,MIA,26,2.5,9000000
2016,25,Max Stassi,stassma01,HOU,-2,-0.2,508200
2016,34,Chris Stewart,stewach01,PIT,-2,-0.3,1350000
2016,23,Trevor Story,storytr01,COL,43,4.3,507500
2016,31,Pedro Strop,stroppe01,CHC,0,0,4400000
2016,31,Drew Stubbs,stubbdr01,3TM,-5,-0.5,507500
2016,24,Eugenio Suarez,suareeu01,CIN,18,1.6,545000
2016,28,Jesus Sucre,sucreje01,SEA,5,0.5,512000
2016,42,Ichiro Suzuki,suzukic01,MIA,17,1.6,2000000
2016,32,Kurt Suzuki,suzukku01,MIN,3,0.3,6000000
2016,24,Blake Swihart,swihabl01,BOS,2,0.3,518500
2016,26,Matt Szczur,szczuma01,CHC,3,0.2,511500
2016,25,Michael A. Taylor,taylomi02,WSN,-2,-0.3,524900
2016,36,Mark Teixeira,teixema01,NYY,-10,-1.1,23125000
2016,26,Ruben Tejada,tejadru01,2TM,-2,-0.3,1500000
2016,29,Josh Thole,tholejo01,TOR,-7,-0.8,800000
2016,25,Trayce Thompson,thomptr01,LAD,8,0.7,512500
2016,25,Yasmany Tomas,tomasya01,ARI,-7,-0.9,7500000
2016,26,Kelby Tomlinson,tomlike01,SFG,7,0.7,512500
2016,23,Ronald Torreyes,torrero01,NYY,3,0.3,508600
2016,25,Devon Travis,travide01,TOR,24,2.5,511200
2016,24,Mike Trout,troutmi01,LAA,104,10.5,16083000
2016,30,Mark Trumbo,trumbma01,BAL,20,2.1,9150000
2016,25,Preston Tucker,tuckepr01,HOU,-11,-1.1,515000
2016,31,Troy Tulowitzki,tulowtr01,TOR,31,3.3,20000000
2016,31,Justin Turner,turneju01,LAD,51,5,5100000
2016,28,Justin Upton,uptonju01,DET,16,1.7,22125000
2016,31,Melvin Upton Jr.,uptonbj01,2TM,15,1.4,15450000
2016,37,Juan Uribe,uribeju01,CLE,-3,-0.4,4000000
2016,37,Chase Utley,utleych01,LAD,14,1.2,7000000
2016,30,Luis Valbuena,valbulu01,HOU,23,2.3,6125000
2016,31,Danny Valencia,valenda01,OAK,13,1.4,3150000
2016,29,Scott Van Slyke,vanslsc01,LAD,-4,-0.4,1225000
2016,25,Christian Vazquez,vazquch01,BOS,-2,-0.2,513000
2016,25,Jonathan Villar,villajo01,MIL,34,3.2,512900
2016,31,Stephen Vogt,vogtst01,OAK,20,2.1,527500
2016,32,Joey Votto,vottojo01,CIN,44,4.2,20000000
2016,30,Neil Walker,walkene01,NYM,23,2.2,10550000
2016,29,Brett Wallace,wallabr01,SDP,-7,-0.9,1000000
2016,26,Colin Walsh,walshco02,MIL,-4,-0.5,507500
2016,37,Jayson Werth,werthja01,WSN,6,0.3,21000000
2016,25,Tyler White,whitety01,HOU,-2,-0.2,507500
2016,30,Matt Wieters,wietema01,BAL,18,1.9,15800000
2016,24,Mason Williams,willima10,NYY,-1,-0.1,509700
2016,24,Tony Wolters,wolteto01,COL,10,0.9,507500
2016,25,Kolten Wong,wongko01,STL,14,1.3,1250000
2016,29,Travis Wood,woodtr01,CHC,0,0,6175000
2016,33,David Wright,wrighda03,NYM,0,0,20000000
2016,24,Christian Yelich,yelicch01,MIA,50,4.9,1000000
2016,32,Chris Young,youngch04,BOS,14,1.5,6500000
2016,31,Ryan Zimmerman,zimmery01,WSN,-4,-0.7,14000000
2016,35,Ben Zobrist,zobribe01,CHC,36,3.4,10500000
2017,30,Jose Abreu,abreujo02,CHW,50,5,10825000
2017,25,Cristhian Adames,adamecr01,COL,-4,-0.4,540000
2017,28,Matt Adams,adamsma01,2TM,3,0.2,2800000
2017,27,Jesus Aguilar,aguilje01,MIL,11,1.1,536000
2017,27,Nick Ahmed,ahmedni01,ARI,5,0.4,566000
2017,25,Arismendy Alcantara,alcanar01,CIN,-5,-0.5,538000
2017,28,Abraham Almonte,almonab01,CLE,0,0,544200
2017,23,Albert Almora,almoral01,CHC,13,1.2,552000
2017,30,Yonder Alonso,alonsyo01,2TM,21,2,4000000
2017,26,Aaron Altherr,altheaa01,PHI,19,1.8,538500
2017,27,Jose Altuve,altuvjo01,HOU,78,7.6,4500000
2017,28,Alexi Amarista,amarial01,COL,-12,-1.2,1100000
2017,24,Tim Anderson,anderti01,CHW,-3,-0.4,850000
2017,28,Elvis Andrus,andruel01,TEX,52,5.2,15000000
2017,35,Nori Aoki,aokino01,3TM,8,0.8,5500000
2017,22,Orlando Arcia,arciaor01,MIL,23,2.2,538100
2017,26,Nolan Arenado,arenano01,COL,67,6.6,11750000
2017,27,Cody Asche,ascheco01,CHW,-9,-0.9,535000
2017,25,Tyler Austin,austity01,NYY,-3,-0.3,544000
2017,30,Alex Avila,avilaal01,2TM,27,2.7,2000000
2017,36,Mike Aviles,avilemi01,MIA,-3,-0.4,535000
2017,33,Erick Aybar,aybarer01,SDP,-3,-0.4,1750000
2017,24,Javier Baez,baezja01,CHC,26,2.6,609000
2017,27,Jett Bandy,bandyje01,MIL,-7,-0.7,539800
2017,27,Austin Barnes,barneau01,LAD,25,2.4,540000
2017,31,Darwin Barney,barneda01,TOR,-4,-0.5,2887500
2017,26,Tucker Barnhart,barnhtu01,CIN,37,3.7,575000
2017,36,Jose Bautista,bautijo02,TOR,-10,-1.1,18000000
2017,27,Tim Beckham,beckhti01,2TM,27,2.6,885000
2017,24,Josh Bell,belljo02,PIT,10,0.9,549000
2017,29,Brandon Belt,beltbr01,SFG,28,2.8,4000000
2017,40,Carlos Beltran,beltrca01,HOU,-7,-0.8,16000000
2017,38,Adrian Beltre,beltrad01,TEX,38,3.8,18000000
2017,22,Andrew Benintendi,beninan01,BOS,29,2.9,549000
2017,25,Christian Bethancourt,bethach01,SDP,-1,-0.1,541800
2017,24,Mookie Betts,bettsmo01,BOS,63,6.3,950000
2017,24,Greg Bird,birdgr01,NYY,0,0,545500
2017,30,Charlie Blackmon,blackch02,COL,57,5.5,7300000
2017,33,Andres Blanco,blancan01,PHI,-4,-0.4,3000000
2017,33,Gregor Blanco,blancgr01,ARI,-1,-0.1,1000000
2017,24,Xander Bogaerts,bogaexa01,BOS,22,2.1,4500000
2017,32,Emilio Bonifacio,bonifem01,ATL,-6,-0.6,1250000
2017,29,Justin Bour,bourju01,MIA,25,2.4,552500
2017,30,Peter Bourjos,bourjpe01,TBR,6,0.6,1350000
2017,26,Matt Bowman,bowmama01,STL,0,0,546600
2017,27,Jackie Bradley Jr.,bradlja02,BOS,35,3.5,3600000
2017,30,Michael Brantley,brantmi02,CLE,24,2.4,8375000
2017,33,Ryan Braun,braunry02,MIL,10,0.9,20000000
2017,23,Alex Bregman,bregmal01,HOU,40,4,539400
2017,33,Jonathan Broxton,broxtjo01,STL,0,0,3750000
2017,27,Keon Broxton,broxtke01,MIL,5,0.4,541200
2017,30,Jay Bruce,bruceja01,2TM,28,2.7,13000000
2017,25,Kris Bryant,bryankr01,CHC,58,5.6,1050000
2017,33,Drew Butera,buterdr01,KCR,-5,-0.5,1500000
2017,23,Byron Buxton,buxtoby01,MIN,50,5,535000
2017,31,Asdrubal Cabrera,cabreas01,NYM,12,1.1,8250000
2017,32,Melky Cabrera,cabreme01,2TM,-2,-0.2,15000000
2017,34,Miguel Cabrera,cabremi01,DET,-6,-0.7,28000000
2017,31,Lorenzo Cain,cainlo01,KCR,53,5.3,11000000
2017,29,Kole Calhoun,calhoko01,LAA,20,2,6000000
2017,28,Mark Canha,canhama01,OAK,-8,-0.8,545000
2017,34,Robinson Cano,canoro01,SEA,28,2.8,24000000
2017,29,Stephen Cardullo,cardust01,COL,0,0,535000
2017,31,Matt Carpenter,carpema01,STL,29,2.7,10000000
2017,30,Ezequiel Carrera,carreez01,TOR,-1,-0.1,1162500
2017,30,Chris Carter,cartech02,NYY,-7,-0.8,3500000
2017,25,Nicholas Castellanos,casteni01,DET,8,0.8,3000000
2017,30,Welington Castillo,castiwe01,BAL,23,2.3,6000000
2017,30,Jason Castro,castrja01,MIN,26,2.6,8500000
2017,27,Starlin Castro,castrst01,NYY,20,2,9857143
2017,31,Francisco Cervelli,cervefr01,PIT,8,0.8,9000000
2017,31,Yoenis Cespedes,cespeyo01,NYM,21,2,22500000
2017,33,Robinson Chirinos,chiriro01,TEX,25,2.5,1950000
2017,28,Lonnie Chisenhall,chiselo01,CLE,13,1.3,4300000
2017,34,Shin-Soo Choo,choosh01,TEX,8,0.7,20000000
2017,32,Chris Coghlan,coghlch01,TOR,-5,-0.5,535000
2017,27,Tyler Collins,collity01,DET,0,0,544700
2017,28,Christian Colon,colonch01,2TM,-2,-0.2,564000
2017,24,Michael Conforto,confomi01,NYM,37,3.6,554904
2017,25,Willson Contreras,contrwi01,CHC,40,3.9,544500
2017,21,Allen Cordoba,cordoal01,SDP,-5,-0.5,535000
2017,22,Carlos Correa,correca01,HOU,67,6.6,535000
2017,31,Zack Cozart,cozarza01,CIN,53,5.1,5325000
2017,30,Brandon Crawford,crawfbr01,SFG,22,2,8200000
2017,27,C.J. Cron,croncj01,LAA,10,1,565000
2017,36,Nelson Cruz,cruzne02,SEA,43,4.2,14250000
2017,28,Charlie Culberson,culbech01,LAD,0,0,550000
2017,24,Cheslor Cuthbert,cuthbch01,KCR,-6,-0.6,552250
2017,30,Chase d'Arnaud,darnach01,3TM,-3,-0.3,600000
2017,28,Travis d'Arnaud,darnatr01,NYM,13,1.3,1875000
2017,26,Matt Davidson,davidma02,CHW,-7,-0.8,536500
2017,31,Chris Davis,davisch02,BAL,-6,-0.6,23000000
2017,29,Khris Davis,daviskh01,OAK,28,2.7,5000000
2017,36,Rajai Davis,davisra01,2TM,4,0.3,6000000
2017,30,Daniel Descalso,descada01,ARI,-1,-0.2,1350000
2017,24,Delino DeShields,deshide02,TEX,17,1.7,540300
2017,31,Ian Desmond,desmoia01,COL,-9,-1,8000000
2017,26,Aledmys Diaz,diazal02,STL,-3,-0.3,2500000
2017,25,Yandy Diaz,diazya01,CLE,3,0.3,535000
2017,28,Corey Dickerson,dickeco01,TBR,28,2.8,3025000
2017,27,Derek Dietrich,dietrde01,MIA,13,1.2,1700000
2017,25,Wilmer Difo,difowi01,WSN,16,1.5,537800
2017,31,Josh Donaldson,donaljo02,TOR,46,4.6,17000000
2017,30,Brian Dozier,doziebr01,MIN,47,4.6,6000000
2017,34,Stephen Drew,drewst01,WSN,-1,-0.1,3500000
2017,24,Brandon Drury,drurybr01,ARI,15,1.4,553900
2017,31,Lucas Duda,dudalu01,2TM,17,1.7,7250000
2017,27,Ryan Dull,dullry01,OAK,0,0,540000
2017,28,Adam Duvall,duvalad01,CIN,22,2.1,577500
2017,32,Jarrod Dyson,dysonja01,SEA,27,2.7,2800000
2017,28,Adam Eaton,eatonad02,WSN,3,0.3,4000000
2017,36,A.J. Ellis,ellisaj01,MIA,7,0.6,2500000
2017,33,Jacoby Ellsbury,ellsbja01,NYY,17,1.6,21142857
2017,34,Edwin Encarnacion,encared01,CLE,28,2.8,14666000
2017,30,Alcides Escobar,escobal02,KCR,-6,-0.7,6500000
2017,28,Eduardo Escobar,escobed01,MIN,14,1.3,2600000
2017,34,Yunel Escobar,escobyu01,LAA,3,0.3,7000000
2017,30,Danny Espinosa,espinda01,3TM,-9,-1,5425000
2017,35,Andre Ethier,ethiean01,LAD,-1,-0.1,17500000
2017,30,Ryan Flaherty,flahery01,BAL,-3,-0.3,1800000
2017,25,Wilmer Flores,florewi01,NYM,2,0.1,2200000
2017,31,Tyler Flowers,flowety01,ATL,21,2.1,3000000
2017,30,Logan Forsythe,forsylo01,LAD,19,1.8,7000000
2017,31,Dexter Fowler,fowlede01,STL,19,1.8,16500000
2017,24,Maikel Franco,francma02,PHI,1,-0.1,560000
2017,25,Adam Frazier,fraziad01,PIT,12,1.1,549500
2017,31,Todd Frazier,frazito01,2TM,30,3,12000000
2017,27,Freddie Freeman,freemfr01,ATL,48,4.7,20500000
2017,34,David Freese,freesda01,PIT,23,2.2,6250000
2017,31,Eric Fryer,fryerer01,STL,-2,-0.3,675000
2017,23,Joey Gallo,gallojo01,TEX,30,3,537120
2017,27,Freddy Galvis,galvifr01,PHI,21,2,4350000
2017,32,Adonis Garcia,garciad01,ATL,-4,-0.4,547500
2017,26,Avisail Garcia,garciav01,CHW,45,4.5,3000000
2017,27,Greg Garcia,garcigr01,STL,5,0.5,547900
2017,26,Leury Garcia,garcile02,CHW,10,1,546500
2017,33,Brett Gardner,gardnbr01,NYY,50,4.9,12500000
2017,29,Dustin Garneau,garnedu01,2TM,5,0.4,537000
2017,30,Evan Gattis,gattiev01,HOU,10,1,5200000
2017,33,Craig Gentry,gentrcr01,BAL,2,0.2,850000
2017,29,Conor Gillaspie,gillaco01,SFG,-6,-0.7,1400000
2017,34,Chris Gimenez,gimench01,MIN,7,0.6,950000
2017,23,Tyler Glasnow,glasnty01,PIT,4,0.4,541000
2017,29,Ryan Goins,goinsry01,TOR,10,1,548200
2017,29,Paul Goldschmidt,goldspa01,ARI,65,6.4,8875000
2017,29,Yan Gomes,gomesya01,CLE,13,1.3,4500000
2017,31,Carlos Gomez,gomezca01,TEX,14,1.4,11500000
2017,35,Adrian Gonzalez,gonzaad01,LAD,-9,-1,22357000
2017,31,Carlos Gonzalez,gonzaca01,COL,0,-0.2,20000000
2017,28,Marwin Gonzalez,gonzama01,HOU,38,3.8,3725000
2017,33,Alex Gordon,gordoal01,KCR,-1,-0.2,16000000
2017,29,Dee Gordon,gordode01,MIA,38,3.6,7800000
2017,26,Terrance Gore,gorete01,KCR,-3,-0.3,536500
2017,33,Tuffy Gosewisch,gosewtu01,SEA,-5,-0.6,635000
2017,28,Phil Gosselin,gosseph01,2TM,-6,-0.6,559500
2017,28,Yasmani Grandal,grandya01,LAD,24,2.4,5500000
2017,36,Curtis Granderson,grandcu01,2TM,17,1.6,15000000
2017,27,Didi Gregorius,gregodi01,NYY,45,4.4,5100000
2017,25,Randal Grichuk,grichra01,STL,8,0.7,557200
2017,27,Robbie Grossman,grossro01,MIN,10,0.9,552500
2017,33,Yuli Gurriel,gourryu01,HOU,28,2.7,14400000
2017,34,Franklin Gutierrez,gutiefr01,LAD,-1,-0.1,2600000
2017,31,Brandon Guyer,guyerbr01,CLE,-2,-0.2,2000000
2017,28,Jedd Gyorko,gyorkje01,STL,28,2.8,6000000
2017,26,Billy Hamilton,hamilbi02,CIN,15,1.4,2625000
2017,36,Ryan Hanigan,hanigry01,COL,-1,-0.1,1250000
2017,26,Mitch Haniger,hanigmi01,SEA,31,3.1,538000
2017,24,Alen Hanson,hansoal01,2TM,-4,-0.4,541500
2017,34,J.J. Hardy,hardyjj01,BAL,0,-0.1,14000000
2017,24,Bryce Harper,harpebr03,WSN,49,4.8,13625000
2017,32,Will Harris,harriwi10,HOU,0,0,2200000
2017,29,Josh Harrison,harrijo05,PIT,36,3.5,7750000
2017,29,Jeremy Hazelbaker,hazelje01,ARI,9,0.9,1082000
2017,33,Chase Headley,headlch01,NYY,19,1.9,13000000
2017,25,Ryon Healy,healyry01,OAK,7,0.7,537500
2017,28,Adeiny Hechavarria,hechaad01,2TM,7,0.7,4350000
2017,24,Austin Hedges,hedgeau01,SDP,11,1,537100
2017,32,Chris Heisey,heisech01,WSN,-5,-0.6,1400000
2017,26,Guillermo Heredia,heredgu01,SEA,13,1.3,782000
2017,27,Cesar Hernandez,hernace02,PHI,28,2.7,2550000
2017,25,Enrique Hernandez,hernaen02,LAD,11,1.1,555000
2017,29,Gorkys Hernandez,hernago01,SFG,-7,-0.8,537000
2017,25,Odubel Herrera,herreod01,PHI,27,2.6,1600000
2017,29,Chris Herrmann,herrmch01,ARI,-7,-0.8,937500
2017,27,Jason Heyward,heywaja01,CHC,22,2.2,28166667
2017,27,Aaron Hicks,hicksaa01,NYY,39,3.9,1350000
2017,35,Aaron Hill,hillaa01,SFG,-7,-0.7,2000000
2017,37,Rich Hill,hillri01,LAD,-1,-0.1,12666667
2017,37,Matt Holliday,hollima01,NYY,-1,-0.1,13000000
2017,29,Brock Holt,holtbr01,BOS,-2,-0.2,1950000
2017,27,Eric Hosmer,hosmeer01,KCR,44,4.4,12250000
2017,33,Nick Hundley,hundlni01,SFG,5,0.5,2000000
2017,34,Chris Iannetta,iannech01,ARI,19,1.8,1500000
2017,27,Jose Iglesias,iglesjo01,DET,11,1,4100000
2017,27,Raisel Iglesias,iglesra01,CIN,1,0.1,4214286
2017,26,Ender Inciarte,inciaen01,ATL,30,2.8,2700000
2017,30,Austin Jackson,jacksau01,CLE,19,1.9,1500000
2017,26,Travis Jankowski,jankotr01,SDP,-1,-0.2,544300
2017,33,John Jaso,jasojo01,PIT,-2,-0.3,4000000
2017,32,Jon Jay,jayjo02,CHC,11,1,8000000
2017,26,Micah Johnson,johnsmi04,ATL,-1,-0.1,535000
2017,31,Adam Jones,jonesad01,BAL,27,2.6,16333333
2017,25,JaCoby Jones,jonesja07,DET,-2,-0.2,536100
2017,31,Caleb Joseph,josepca01,BAL,16,1.6,700000
2017,25,Tommy Joseph,josepto01,PHI,-10,-1.1,543000
2017,32,Matthew Joyce,joycema01,OAK,19,1.9,5000000
2017,25,Aaron Judge,judgeaa01,NYY,81,7.9,544500
2017,32,Matt Kemp,kempma01,ATL,-11,-1.3,21750000
2017,33,Howie Kendrick,kendrho01,2TM,14,1.4,10000000
2017,24,Max Kepler,keplema01,MIN,19,1.9,547500
2017,29,Clayton Kershaw,kershcl01,LAD,4,0.4,35571429
2017,27,Kevin Kiermaier,kiermke01,TBR,49,4.9,3166667
2017,29,Hyun Soo Kim,kimhy01,2TM,-11,-1.2,4200000
2017,35,Ian Kinsler,kinslia01,DET,28,2.8,11000000
2017,30,Jason Kipnis,kipnija01,CLE,4,0.4,9166667
2017,27,Patrick Kivlehan,kivlepa01,CIN,0,0,535000
2017,25,Andrew Knapp,knappan01,PHI,5,0.4,535000
2017,31,Tom Koehler,koehlto01,2TM,-2,-0.2,5750000
2017,29,Pete Kozma,kozmape01,2TM,-10,-1,575000
2017,28,Juan Lagares,lagarju01,NYM,21,2.1,4500000
2017,26,Jake Lamb,lambja01,ARI,22,2,573300
2017,28,DJ LeMahieu,lemahdj01,COL,34,3.2,4800000
2017,28,Sandy Leon,leonsa01,BOS,7,0.7,1300000
2017,33,Adam Lind,lindad01,WSN,9,0.8,1000000
2017,23,Francisco Lindor,lindofr01,CLE,57,5.7,579300
2017,32,Jose Lobaton,lobatjo01,WSN,-9,-0.9,1575000
2017,31,Evan Longoria,longoev01,TBR,38,3.8,13000000
2017,25,Michael Lorenzen,lorenmi01,CIN,1,0.1,555000
2017,33,Jed Lowrie,lowrije01,OAK,35,3.4,6500000
2017,31,Jonathan Lucroy,lucrojo01,2TM,6,0.5,5250000
2017,25,Dixon Machado,machadi01,DET,-6,-0.6,537800
2017,24,Manny Machado,machama01,BAL,38,3.8,11500000
2017,27,Mikie Mahtook,mahtomi01,DET,5,0.5,541300
2017,30,Martin Maldonado,maldoma01,LAA,17,1.7,1725000
2017,25,Trey Mancini,mancitr01,BAL,24,2.4,536000
2017,22,Manuel Margot,margoma01,SDP,24,2.3,535600
2017,26,Jake Marisnick,marisja01,HOU,21,2.1,1100000
2017,33,Nick Markakis,markani01,ATL,10,0.8,11000000
2017,28,Chris Marrero,marrech01,SFG,-5,-0.6,610000
2017,26,Jefry Marte,marteje01,LAA,-5,-0.5,547000
2017,28,Starling Marte,martest01,PIT,13,1.3,5333333
2017,29,Leonys Martin,martile01,2TM,0,0,4850000
2017,34,Russell Martin,martiru01,TOR,17,1.7,20000000
2017,29,J.D. Martinez,martijd02,2TM,40,3.9,11750000
2017,28,Jose Martinez,martijo08,STL,14,1.4,535000
2017,34,Michael Martinez,martimi02,2TM,-2,-0.3,600000
2017,38,Victor Martinez,martivi01,DET,-4,-0.5,18000000
2017,34,Jeff Mathis,mathije01,ARI,-3,-0.4,2000000
2017,34,Joe Mauer,mauerjo01,MIN,40,4,23000000
2017,25,Jacob May,mayja02,CHW,-6,-0.6,535000
2017,30,Cameron Maybin,maybica01,2TM,16,1.5,9000000
2017,22,Nomar Mazara,mazarno01,TEX,-3,-0.4,546450
2017,33,Brian McCann,mccanbr01,HOU,8,0.8,17000000
2017,27,James McCann,mccanja02,DET,14,1.4,552100
2017,30,Andrew McCutchen,mccutan01,PIT,31,3,14000000
2017,30,Collin McHugh,mchugco01,HOU,0,0,3850000
2017,30,Jordy Mercer,mercejo03,PIT,4,0.3,4325000
2017,29,Devin Mesoraco,mesorde01,CIN,2,0.2,7325000
2017,27,Brad Miller,millebr02,TBR,10,1,3575000
2017,26,Bryan Mitchell,mitchbr01,NYY,0,0,550625
2017,34,Yadier Molina,molinya01,STL,19,1.8,14000000
2017,21,Adalberto Mondesi,mondera02,KCR,-8,-0.8,537250
2017,33,Miguel Montero,montemi01,2TM,-4,-0.4,14000000
2017,30,Tyler Moore,moorety01,MIA,-2,-0.2,1000000
2017,34,Kendrys Morales,moralke01,TOR,1,0,10000000
2017,31,Mitch Moreland,morelmi01,BOS,19,1.8,5500000
2017,29,Logan Morrison,morrilo01,TBR,33,3.3,2500000
2017,35,Mike Morse,morsemi01,SFG,-5,-0.5,535000
2017,33,Brandon Moss,mossbr01,KCR,-9,-0.9,3750000
2017,27,Taylor Motter,motteta01,SEA,-8,-0.9,537200
2017,28,Mike Moustakas,moustmi01,KCR,17,1.6,8700000
2017,32,Daniel Murphy,murphda08,WSN,33,3.2,12000000
2017,26,Tom Murphy,murphto04,COL,-4,-0.4,537000
2017,26,Wil Myers,myerswi01,SDP,22,2.1,4500000
2017,35,Mike Napoli,napolmi01,TEX,-3,-0.4,6000000
2017,26,Tyler Naquin,naquity01,CLE,1,0.1,564800
2017,25,Omar Narvaez,narvaom01,CHW,11,1.1,540000
2017,34,Daniel Nava,navada01,PHI,13,1.3,1350000
2017,28,Hector Neris,nerishe01,PHI,0,0,557500
2017,28,Brett Nicholas,nichobr01,TEX,-2,-0.2,537000
2017,29,Kirk Nieuwenhuis,nieuwki01,MIL,-2,-0.2,900000
2017,24,Brandon Nimmo,nimmobr01,NYM,11,1.1,536240
2017,28,Derek Norris,norride01,TBR,-1,-0.1,1200000
2017,30,Eduardo Nunez,nunezed02,2TM,12,1.1,4200000
2017,23,Rougned Odor,odorro01,TEX,-4,-0.5,1333334
2017,31,Paulo Orlando,orlanpa01,KCR,-4,-0.5,558250
2017,22,Roberto Osuna,osunaro01,TOR,0,0,552400
2017,25,Chris Owings,owingch01,ARI,10,0.9,2300000
2017,26,Marcell Ozuna,ozunama01,MIA,59,5.7,3500000
2017,26,Joe Panik,panikjo01,SFG,16,1.5,600000
2017,28,Jarrett Parker,parkeja03,SFG,6,0.5,539000
2017,30,Gerardo Parra,parrage01,COL,8,0.7,8000000
2017,34,Steve Pearce,pearcst01,TOR,3,0.3,6250000
2017,25,Joc Pederson,pederjo01,LAD,-3,-0.4,555000
2017,33,Dustin Pedroia,pedrodu01,BOS,25,2.5,15000000
2017,34,Hunter Pence,pencehu01,SFG,2,0.1,18500000
2017,33,Cliff Pennington,pennicl01,LAA,7,0.7,2250000
2017,29,David Peralta,peralda01,ARI,24,2.3,572200
2017,35,Jhonny Peralta,peraljh01,STL,-3,-0.4,10000000
2017,23,Jose Peraza,perazjo01,CIN,-3,-0.4,540000
2017,26,Carlos Perez,perezca02,LAA,-2,-0.2,547500
2017,26,Hernan Perez,perezhe01,MIL,8,0.7,545700
2017,28,Roberto Perez,perezro02,CLE,9,0.9,675000
2017,27,Salvador Perez,perezsa02,KCR,25,2.5,4200000
2017,27,Jace Peterson,peterja01,ATL,-9,-1,555000
2017,29,Josh Phegley,phegljo01,OAK,0,0,545000
2017,36,Brandon Phillips,phillbr01,2TM,10,0.9,14500000
2017,28,Kevin Pillar,pillake01,TOR,29,2.9,555000
2017,30,Manny Pina,pinama01,MIL,27,2.6,538200
2017,26,Stephen Piscotty,piscost01,STL,6,0.5,1333333
2017,31,Trevor Plouffe,plouftr01,2TM,-7,-0.8,5250000
2017,25,Gregory Polanco,polangr01,PIT,4,0.3,1600000
2017,23,Jorge Polanco,polanjo01,MIN,14,1.4,540000
2017,29,A.J. Pollock,polloaj01,ARI,30,2.9,6750000
2017,30,Buster Posey,poseybu01,SFG,41,4,21400000
2017,33,Martin Prado,pradoma01,MIA,4,0.4,11500000
2017,24,Jurickson Profar,profaju01,TEX,-1,-0.1,1050000
2017,26,Yasiel Puig,puigya01,LAD,35,3.4,8214000
2017,37,Albert Pujols,pujolal01,LAA,-17,-1.9,26000000
2017,28,Jose Quintana,quintjo01,2TM,-2,-0.2,7000000
2017,33,Hanley Ramirez,ramirha01,BOS,-3,-0.4,22750000
2017,24,Jose Ramirez,ramirjo01,CLE,71,7,971400
2017,29,Wilson Ramos,ramoswi01,TBR,1,0.1,4000000
2017,30,Colby Rasmus,rasmuco01,TBR,12,1.2,5000000
2017,26,J.T. Realmuto,realmjt01,MIA,45,4.4,562500
2017,33,Anthony Recker,reckean01,ATL,-1,-0.1,800000
2017,30,Josh Reddick,reddijo01,HOU,45,4.5,13000000
2017,27,Anthony Rendon,rendoan01,WSN,62,6,5800000
2017,25,Hunter Renfroe,renfrhu01,SDP,8,0.7,535900
2017,29,Ben Revere,reverbe01,LAA,1,0,4000000
2017,34,Jose Reyes,reyesjo01,NYM,1,0,22000000
2017,33,Mark Reynolds,reynoma01,COL,9,0.7,1500000
2017,26,Joey Rickard,rickajo01,BAL,8,0.7,539000
2017,33,Rene Rivera,riverre01,2TM,4,0.4,1750000
2017,28,T.J. Rivera,rivertj01,NYM,9,0.9,539958
2017,27,Anthony Rizzo,rizzoan01,CHC,48,4.7,7000000
2017,23,Daniel Robertson,roberda10,TBR,4,0.3,535000
2017,25,Drew Robinson,robindr01,TEX,1,0.1,535000
2017,32,Sean Rodriguez,rodrise01,2TM,-2,-0.3,5750000
2017,28,Miguel Rojas,rojasmi02,MIA,23,2.2,535000
2017,31,Andrew Romine,rominan01,DET,-8,-0.8,1300000
2017,28,Austin Romine,rominau01,NYY,-8,-0.9,805000
2017,34,Adam Rosales,rosalad01,2TM,-4,-0.5,1250000
2017,25,Eddie Rosario,rosared01,MIN,16,1.5,552500
2017,27,Ryan Rua,ruary01,TEX,-3,-0.3,544740
2017,38,Carlos Ruiz,ruizca01,SEA,5,0.5,4500000
2017,23,Addison Russell,russead02,CHC,20,1.9,644000
2017,28,Josh Rutledge,rutlejo01,BOS,-3,-0.3,600000
2017,27,Tyler Saladino,saladty01,CHW,-4,-0.5,547000
2017,32,Jarrod Saltalamacchia,saltaja01,TOR,-6,-0.6,1250000
2017,24,Gary Sanchez,sanchga02,NYY,40,3.9,557900
2017,27,Hector Sanchez,sanchhe01,SDP,-4,-0.5,750000
2017,25,Yolmer Sanchez,sanchca01,CHW,32,3.2,546000
2017,30,Pablo Sandoval,sandopa01,2TM,-13,-1.4,17600000
2017,24,Miguel Sano,sanomi01,MIN,29,2.8,572500
2017,31,Carlos Santana,santaca01,CLE,34,3.4,12000000
2017,26,Danny Santana,santada01,2TM,1,0.1,545000
2017,24,Domingo Santana,santado01,MIL,27,2.6,542200
2017,30,Michael Saunders,saundmi01,2TM,-8,-0.9,8000000
2017,26,Scott Schebler,schebsc01,CIN,14,1.2,540000
2017,29,Ryan Schimpf,schimry01,SDP,5,0.5,546200
2017,25,Jonathan Schoop,schoojo01,BAL,64,6.3,3475000
2017,24,Kyle Schwarber,schwaky01,CHC,3,0.2,565500
2017,23,Corey Seager,seageco01,LAD,54,5.3,575000
2017,29,Kyle Seager,seageky01,SEA,35,3.5,11000000
2017,27,Jean Segura,segurje01,SEA,35,3.5,6200000
2017,27,Steve Selsky,selskst01,BOS,-2,-0.2,535000
2017,26,Marcus Semien,semiema01,OAK,17,1.7,545000
2017,27,Travis Shaw,shawtr01,MIL,36,3.5,544400
2017,27,Andrelton Simmons,simmoan01,LAA,77,7.8,8000000
2017,24,Mallex Smith,smithma05,TBR,15,1.5,539800
2017,34,Seth Smith,smithse01,BAL,5,0.4,7000000
2017,30,Justin Smoak,smoakju01,TOR,30,3,4125000
2017,28,Josh Smoker,smokejo01,NYM,0,0,536625
2017,28,Jake Smolinski,smolija01,OAK,-1,-0.1,545000
2017,29,Yangervis Solarte,solarya01,SDP,12,1.1,2625000
2017,25,Jorge Soler,solerjo01,KCR,-12,-1.2,3666667
2017,34,Geovany Soto,sotoge01,CHW,0,0,2000000
2017,28,Steven Souza Jr.,souzast01,TBR,42,4.1,546700
2017,33,Denard Span,spande01,SFG,-11,-1.2,11000000
2017,27,George Springer,springe01,HOU,51,5,3900000
2017,27,Giancarlo Stanton,stantmi03,MIA,82,8,14500000
2017,27,Brock Stassi,stassbr01,PHI,-2,-0.3,535000
2017,35,Chris Stewart,stewach01,PIT,-8,-0.9,1400000
2017,24,Trevor Story,storytr01,COL,27,2.6,540000
2017,25,Eugenio Suarez,suareeu01,CIN,36,3.5,595000
2017,29,Jesus Sucre,sucreje01,TBR,2,0.2,630000
2017,27,Andrew Susac,susacan01,MIL,-2,-0.2,537400
2017,43,Ichiro Suzuki,suzukic01,MIA,-2,-0.3,2000000
2017,33,Kurt Suzuki,suzukku01,ATL,27,2.6,1500000
2017,23,Dansby Swanson,swansda01,ATL,-1,-0.3,540000
2017,27,Matt Szczur,szczuma01,2TM,3,0.3,549500
2017,26,Michael A. Taylor,taylomi02,WSN,28,2.8,557900
2017,30,Eric Thames,thameer01,MIL,11,1,4000000
2017,25,Andrew Toles,tolesan01,LAD,6,0.5,540000
2017,26,Yasmany Tomas,tomasya01,ARI,-4,-0.4,9500000
2017,21,Luis Torrens,torrelu01,SDP,-11,-1.1,535000
2017,34,Carlos Torres,torreca01,MIL,0,0,2175000
2017,24,Ronald Torreyes,torrero01,NYY,8,0.8,561900
2017,26,Devon Travis,travide01,TOR,6,0.6,545200
2017,25,Mike Trout,troutmi01,LAA,69,6.7,20083000
2017,31,Mark Trumbo,trumbma01,BAL,-4,-0.5,11500000
2017,32,Troy Tulowitzki,tulowtr01,TOR,8,0.8,20000000
2017,32,Justin Turner,turneju01,LAD,57,5.6,13000000
2017,25,Stuart Turner,turnest01,CIN,-12,-1.2,535000
2017,24,Trea Turner,turnetr01,WSN,31,3,554900
2017,29,Justin Upton,uptonju01,2TM,60,6,22125000
2017,38,Chase Utley,utleych01,LAD,10,0.9,2000000
2017,31,Luis Valbuena,valbulu01,LAA,2,0.2,6500000
2017,32,Danny Valencia,valenda01,SEA,10,1,5500000
2017,30,Scott Van Slyke,vanslsc01,LAD,-3,-0.3,1325000
2017,26,Kennys Vargas,vargake01,MIN,8,0.8,540000
2017,26,Christian Vazquez,vazquch01,BOS,9,0.9,561000
2017,26,Jonathan Villar,villajo01,MIL,2,0.1,554500
2017,32,Stephen Vogt,vogtst01,2TM,-3,-0.4,2965000
2017,33,Joey Votto,vottojo01,CIN,82,8.1,22000000
2017,31,Neil Walker,walkene01,2TM,19,1.8,17200000
2017,34,Rickie Weeks,weeksri01,TBR,0,0,1500000
2017,27,Joey Wendle,wendljo01,OAK,1,0.1,535000
2017,38,Jayson Werth,werthja01,WSN,-6,-0.7,21000000
2017,31,Matt Wieters,wietema01,WSN,-7,-0.8,10500000
2017,26,Mac Williamson,willima11,SFG,-1,-0.1,539000
2017,25,Tony Wolters,wolteto01,COL,-3,-0.3,540000
2017,26,Kolten Wong,wongko01,STL,16,1.6,2500000
2017,25,Christian Yelich,yelicch01,MIA,38,3.7,3500000
2017,33,Chris Young,youngch04,BOS,-3,-0.3,6500000
2017,32,Ryan Zimmerman,zimmery01,WSN,27,2.6,14000000
2017,36,Ben Zobrist,zobribe01,CHC,4,0.3,16500000
2017,26,Mike Zunino,zuninmi01,SEA,34,3.4,570000
2018,31,Jose Abreu,abreujo02,CHW,15,1.5,13000000
2018,20,Ronald Acuna Jr.,acunaro01,ATL,42,4.2,545000
2018,28,Lane Adams,adamsla01,ATL,3,0.3,575000
2018,29,Matt Adams,adamsma01,2TM,11,1,4000000
2018,28,Ehire Adrianza,adriaeh01,MIN,2,0.2,1000000
2018,28,Jesus Aguilar,aguilje01,MIL,34,3.2,557200
2018,28,Nick Ahmed,ahmedni01,ARI,44,4.4,1275000
2018,21,Ozzie Albies,albieoz01,ATL,46,4.5,555000
2018,25,Jorge Alfaro,alfarjo01,PHI,18,1.6,547000
2018,24,Albert Almora,almoral01,CHC,22,2,584500
2018,31,Yonder Alonso,alonsyo01,CLE,15,1.6,7000000
2018,27,Aaron Altherr,altheaa01,PHI,-6,-0.9,561000
2018,28,Jose Altuve,altuvjo01,HOU,46,4.8,9000000
2018,31,Pedro Alvarez,alvarpe01,BAL,-1,-0.1,1000000
2018,25,Brian Anderson,anderbr06,MIA,34,3.2,545000
2018,25,Tim Anderson,anderti01,CHW,29,3.1,1000000
2018,29,Elvis Andrus,andruel01,TEX,20,2.1,15250000
2018,23,Orlando Arcia,arciaor01,MIL,6,0.4,559600
2018,27,Nolan Arenado,arenano01,COL,59,5.9,17750000
2018,26,Carlos Asuaje,asuajca01,SDP,-1,-0.3,550100
2018,31,Alex Avila,avilaal01,ARI,2,0,4000000
2018,25,Javier Baez,baezja01,CHC,59,5.8,657000
2018,28,Jett Bandy,bandyje01,MIL,-2,-0.3,550700
2018,28,Austin Barnes,barneau01,LAD,7,0.6,555000
2018,27,Tucker Barnhart,barnhtu01,CIN,11,0.9,4437500
2018,37,Jose Bautista,bautijo02,3TM,16,1.4,545000
2018,31,Gordon Beckham,beckhgo01,SEA,3,0.3,100000
2018,28,Tim Beckham,beckhti01,BAL,1,0.2,3350000
2018,25,Josh Bell,belljo02,PIT,6,0.2,572500
2018,22,Cody Bellinger,bellico01,LAD,43,4.2,585000
2018,30,Brandon Belt,beltbr01,SFG,27,2.6,17200000
2018,39,Adrian Beltre,beltrad01,TEX,16,1.7,18000000
2018,23,Andrew Benintendi,beninan01,BOS,43,4.5,620500
2018,25,Mookie Betts,bettsmo01,BOS,106,10.6,10500000
2018,25,Greg Bird,birdgr01,NYY,-1,0,582000
2018,31,Charlie Blackmon,blackch02,COL,11,0.8,12500000
2018,34,Gregor Blanco,blancgr01,SFG,-5,-0.7,1000000
2018,25,Xander Bogaerts,bogaexa01,BOS,42,4.3,7050000
2018,30,Justin Bour,bourju01,2TM,5,0.2,3400000
2018,31,Peter Bourjos,bourjpe01,ATL,2,0.2,1000000
2018,28,Jackie Bradley Jr.,bradlja02,BOS,21,2.2,6100000
2018,31,Michael Brantley,brantmi02,CLE,36,3.7,11500000
2018,34,Ryan Braun,braunry02,MIL,9,0.7,20000000
2018,24,Alex Bregman,bregmal01,HOU,72,7.3,599000
2018,24,Lewis Brinson,brinsle01,MIA,-6,-1,545000
2018,31,Jay Bruce,bruceja01,NYM,-8,-1,11000000
2018,26,Kris Bryant,bryankr01,CHC,21,1.9,10850000
2018,34,Drew Butera,buterdr01,2TM,-6,-0.7,2300000
2018,24,Byron Buxton,buxtoby01,MIN,-3,-0.3,580000
2018,32,Asdrubal Cabrera,cabreas01,2TM,12,0.9,8250000
2018,33,Melky Cabrera,cabreme01,CLE,0,0,1000000
2018,35,Miguel Cabrera,cabremi01,DET,4,0.4,30000000
2018,32,Lorenzo Cain,cainlo01,MIL,67,6.7,14000000
2018,30,Kole Calhoun,calhoko01,LAA,6,0.7,8500000
2018,24,Johan Camargo,camarjo01,ATL,36,3.6,555000
2018,24,Jeimer Candelario,candeje01,DET,16,1.7,548300
2018,35,Robinson Cano,canoro01,SEA,33,3.3,12258065
2018,32,Matt Carpenter,carpema01,STL,50,4.9,13750000
2018,26,Nicholas Castellanos,casteni01,DET,28,2.9,6050000
2018,31,Welington Castillo,castiwe01,CHW,4,0.5,7250000
2018,31,Jason Castro,castrja01,MIN,-1,-0.1,8000000
2018,28,Starlin Castro,castrst01,MIA,24,2.1,10857143
2018,25,Jake Cave,caveja01,MIN,17,1.7,545000
2018,28,Juan Centeno,centeju01,TEX,-3,-0.4,600000
2018,32,Francisco Cervelli,cervefr01,PIT,32,3.1,10500000
2018,32,Yoenis Cespedes,cespeyo01,NYM,8,0.8,29000000
2018,25,Matt Chapman,chapmma01,OAK,80,8.3,547500
2018,34,Robinson Chirinos,chiriro01,TEX,17,1.8,2250000
2018,29,Lonnie Chisenhall,chiselo01,CLE,1,0.1,5587500
2018,27,Ji-Man Choi,choiji01,2TM,11,1.1,850000
2018,35,Shin-Soo Choo,choosh01,TEX,26,2.8,20000000
2018,32,Steve Cishek,cishest01,CHC,0,0,6500000
2018,25,Michael Conforto,confomi01,NYM,29,2.7,605094
2018,26,Willson Contreras,contrwi01,CHC,32,3.1,604500
2018,27,Garrett Cooper,coopega03,MIA,0,0,545000
2018,23,Franchy Cordero,cordefr02,SDP,0,-0.1,546500
2018,23,Carlos Correa,correca01,HOU,26,2.7,1000000
2018,32,Zack Cozart,cozarza01,LAA,4,0.5,12666666
2018,31,Brandon Crawford,crawfbr01,SFG,24,2.1,15200000
2018,23,J.P. Crawford,crawfjp01,PHI,3,0.2,545500
2018,28,C.J. Cron,croncj01,TBR,22,2.3,2300000
2018,37,Nelson Cruz,cruzne02,SEA,28,2.9,14250000
2018,29,Charlie Culberson,culbech01,ATL,9,0.7,575000
2018,25,Cheslor Cuthbert,cuthbch01,KCR,-4,-0.4,573500
2018,29,Travis d'Arnaud,darnatr01,NYM,-1,-0.1,3475000
2018,27,Matt Davidson,davidma02,CHW,5,0.5,570000
2018,32,Chris Davis,davisch02,BAL,-35,-3.6,23000000
2018,25,J.D. Davis,davisjd01,HOU,-9,-0.9,550100
2018,30,Khris Davis,daviskh01,OAK,28,2.9,10500000
2018,37,Rajai Davis,davisra01,CLE,-3,-0.3,1750000
2018,24,Paul DeJong,dejonpa01,STL,37,3.6,1166667
2018,25,Nicky Delmonico,delmoni01,CHW,-10,-1,553000
2018,31,Daniel Descalso,descada01,ARI,11,0.9,2000000
2018,25,Delino DeShields,deshide02,TEX,12,1.3,561500
2018,32,Ian Desmond,desmoia01,COL,0,-0.4,22000000
2018,21,Rafael Devers,deverra01,BOS,-2,-0.1,564500
2018,27,Aledmys Diaz,diazal02,TOR,18,1.9,2000000
2018,27,Elias Diaz,diazel01,PIT,18,1.7,559000
2018,29,Corey Dickerson,dickeco01,PIT,35,3.5,5950000
2018,28,Derek Dietrich,dietrde01,MIA,1,-0.3,2900000
2018,26,Wilmer Difo,difowi01,WSN,-3,-0.6,557900
2018,32,Josh Donaldson,donaljo02,2TM,7,0.7,23000000
2018,31,Brian Dozier,doziebr01,2TM,12,1.1,9000000
2018,25,Brandon Drury,drurybr01,2TM,-4,-0.4,621900
2018,32,Lucas Duda,dudalu01,2TM,7,0.7,3500000
2018,35,Brian Duensing,duensbr01,CHC,0,0,3500000
2018,27,Matt Duffy,duffyma01,TBR,28,2.9,930000
2018,29,Adam Duvall,duvalad01,2TM,11,0.9,645000
2018,33,Jarrod Dyson,dysonja01,ARI,1,-0.1,3750000
2018,29,Adam Eaton,eatonad02,WSN,12,1.1,6000000
2018,37,A.J. Ellis,ellisaj01,SDP,4,0.3,1250000
2018,35,Edwin Encarnacion,encared01,CLE,18,1.9,18667000
2018,26,Adam Engel,engelad01,CHW,8,0.8,552000
2018,25,Phil Ervin,ervinph01,CIN,-3,-0.5,545000
2018,31,Alcides Escobar,escobal02,KCR,-16,-1.6,2500000
2018,29,Eduardo Escobar,escobed01,2TM,34,3.4,4850000
2018,25,Phillip Evans,evansph01,NYM,-3,-0.3,555000
2018,24,Derek Fisher,fishede01,HOU,1,0.1,554400
2018,31,Ryan Flaherty,flahery01,ATL,-8,-1,750000
2018,26,Wilmer Flores,florewi01,NYM,7,0.5,3400000
2018,31,Pedro Florimon,floripe01,PHI,-2,-0.3,600000
2018,32,Tyler Flowers,flowety01,ATL,8,0.7,4000000
2018,31,Logan Forsythe,forsylo01,2TM,3,0.2,9000000
2018,32,Dexter Fowler,fowlede01,STL,-10,-1.3,16500000
2018,23,Dustin Fowler,fowledu01,OAK,-8,-0.8,547500
2018,25,Maikel Franco,francma02,PHI,3,0,2950000
2018,26,Adam Frazier,fraziad01,PIT,27,2.6,571000
2018,23,Clint Frazier,frazicl01,NYY,-1,-0.1,559200
2018,32,Todd Frazier,frazito01,NYM,22,2.1,8000000
2018,28,Freddie Freeman,freemfr01,ATL,57,5.6,21000000
2018,35,David Freese,freesda01,2TM,18,1.7,4250000
2018,24,Joey Gallo,gallojo01,TEX,22,2.4,560000
2018,28,Freddy Galvis,galvifr01,SDP,23,2,6825000
2018,27,Avisail Garcia,garciav01,CHW,3,0.4,6700000
2018,28,Greg Garcia,garcigr01,STL,2,0.1,569600
2018,27,Leury Garcia,garcile02,CHW,6,0.7,1175000
2018,34,Brett Gardner,gardnbr01,NYY,31,3.3,11500000
2018,27,Mitch Garver,garvemi01,MIN,9,0.9,547500
2018,31,Evan Gattis,gattiev01,HOU,1,0.2,6700000
2018,28,Scooter Gennett,gennesc01,CIN,35,3.3,5700000
2018,34,Craig Gentry,gentrcr01,BAL,10,1.1,900000
2018,30,Paul Goldschmidt,goldspa01,ARI,62,6.2,11100000
2018,30,Yan Gomes,gomesya01,CLE,25,2.6,6033333
2018,32,Carlos Gomez,gomezca01,TBR,8,0.8,4000000
2018,36,Adrian Gonzalez,gonzaad01,NYM,-2,-0.3,545000
2018,32,Carlos Gonzalez,gonzaca01,COL,9,0.6,5000000
2018,26,Erik Gonzalez,gonzaer01,CLE,7,0.7,547800
2018,29,Marwin Gonzalez,gonzama01,HOU,21,2.3,5125000
2018,27,Brian Goodwin,goodwbr01,2TM,1,0.1,553900
2018,34,Alex Gordon,gordoal01,KCR,20,2.1,20000000
2018,30,Dee Gordon,gordode01,SEA,6,0.6,10800000
2018,29,Phil Gosselin,gosseph01,CIN,-1,-0.1,1250000
2018,29,Yasmani Grandal,grandya01,LAD,37,3.6,7900000
2018,37,Curtis Granderson,grandcu01,2TM,8,0.8,5000000
2018,28,Didi Gregorius,gregodi01,NYY,46,4.8,8250000
2018,28,Robbie Grossman,grossro01,MIN,16,1.7,2000000
2018,24,Lourdes Gurriel Jr.,gurrilo01,TOR,-2,-0.2,1428572
2018,34,Yuli Gurriel,gourryu01,HOU,22,2.3,12400000
2018,32,Brandon Guyer,guyerbr01,CLE,-2,-0.2,2750000
2018,29,Jedd Gyorko,gyorkje01,STL,15,1.3,9000000
2018,27,Billy Hamilton,hamilbi02,CIN,13,1,4600000
2018,23,Ian Happ,happia01,CHC,9,0.7,570000
2018,25,Bryce Harper,harpebr03,WSN,18,1.5,21625000
2018,30,Josh Harrison,harrijo05,PIT,7,0.5,10250000
2018,34,Chase Headley,headlch01,SDP,-4,-0.4,13000000
2018,29,Adeiny Hechavarria,hechaad01,3TM,5,0.5,5900000
2018,25,Austin Hedges,hedgeau01,SDP,13,1.2,553100
2018,28,Cesar Hernandez,hernace02,PHI,21,1.8,5100000
2018,26,Enrique Hernandez,hernaen02,LAD,34,3.3,1600000
2018,30,Gorkys Hernandez,hernago01,SFG,8,0.5,561500
2018,26,Odubel Herrera,herreod01,PHI,5,0.2,3350000
2018,28,Jason Heyward,heywaja01,CHC,22,2,28166667
2018,28,Aaron Hicks,hicksaa01,NYY,41,4.2,2825000
2018,28,John Hicks,hicksjo02,DET,2,0.2,551300
2018,30,Bryan Holaday,holadbr01,MIA,1,0,1000000
2018,30,Brock Holt,holtbr01,BOS,12,1.3,2225000
2018,25,Rhys Hoskins,hoskirh01,PHI,13,1,552500
2018,28,Eric Hosmer,hosmeer01,SDP,17,1.4,21000000
2018,34,Nick Hundley,hundlni01,SFG,5,0.3,2500000
2018,35,Chris Iannetta,iannech01,COL,-4,-0.6,3600000
2018,28,Jose Iglesias,iglesjo01,DET,22,2.3,6275000
2018,27,Ender Inciarte,inciaen01,ATL,35,3.3,4700000
2018,33,Jon Jay,jayjo02,2TM,7,0.6,3000000
2018,32,Adam Jones,jonesad01,BAL,2,0.3,17333333
2018,26,JaCoby Jones,jonesja07,DET,20,2.1,549400
2018,32,Caleb Joseph,josepca01,BAL,2,0.2,1250000
2018,33,Matthew Joyce,joycema01,OAK,1,0.1,6000000
2018,26,Aaron Judge,judgeaa01,NYY,58,5.9,622300
2018,31,Jung Ho Kang,kangju01,PIT,0,0,3000000
2018,33,Matt Kemp,kempma01,LAD,14,1.2,21750000
2018,34,Howie Kendrick,kendrho01,WSN,4,0.3,3000000
2018,25,Max Kepler,keplema01,MIN,30,3.2,587500
2018,28,Kevin Kiermaier,kiermke01,TBR,22,2.3,5666667
2018,24,Scott Kingery,kingesc01,PHI,-6,-1,1000000
2018,36,Ian Kinsler,kinslia01,2TM,23,2.4,11000000
2018,31,Jason Kipnis,kipnija01,CLE,16,1.7,13666667
2018,26,Andrew Knapp,knappan01,PHI,-3,-0.5,548000
2018,29,Tommy La Stella,lasteto01,CHC,4,0.2,950000
2018,29,Juan Lagares,lagarju01,NYM,11,1.1,6500000
2018,27,Jake Lamb,lambja01,ARI,9,0.9,4275000
2018,24,Braxton Lee,leebr01,MIA,0,0,1090000
2018,29,DJ LeMahieu,lemahdj01,COL,27,2.5,8500000
2018,29,Sandy Leon,leonsa01,BOS,-5,-0.5,1950000
2018,24,Francisco Lindor,lindofr01,CLE,76,7.8,623200
2018,32,Evan Longoria,longoev01,SFG,19,1.7,13666666
2018,30,Rafael Lopez,lopezra02,SDP,2,0.2,580000
2018,26,Michael Lorenzen,lorenmi01,CIN,7,0.7,1312500
2018,34,Jed Lowrie,lowrije01,OAK,43,4.4,6000000
2018,32,Jonathan Lucroy,lucrojo01,OAK,-6,-0.6,6500000
2018,26,Dixon Machado,machadi01,DET,-6,-0.6,553600
2018,25,Manny Machado,machama01,2TM,58,5.8,16000000
2018,28,Mikie Mahtook,mahtomi01,DET,3,0.3,560400
2018,27,Luke Maile,mailelu01,TOR,9,0.9,558400
2018,31,Martin Maldonado,maldoma01,2TM,3,0.3,3900000
2018,26,Trey Mancini,mancitr01,BAL,3,0.4,556500
2018,23,Manuel Margot,margoma01,SDP,18,1.6,556900
2018,27,Jake Marisnick,marisja01,HOU,16,1.7,1900000
2018,34,Nick Markakis,markani01,ATL,30,2.7,11000000
2018,27,Deven Marrero,marrede01,ARI,-4,-0.5,561500
2018,27,Jefry Marte,marteje01,LAA,-2,-0.2,559000
2018,24,Ketel Marte,marteke01,ARI,41,4,1400000
2018,29,Starling Marte,martest01,PIT,40,3.9,7833333
2018,30,Leonys Martin,martile01,2TM,16,1.6,1750000
2018,35,Russell Martin,martiru01,TOR,12,1.3,20000000
2018,30,J.D. Martinez,martijd02,BOS,64,6.5,23750000
2018,29,Jose Martinez,martijo08,STL,21,1.8,560400
2018,39,Victor Martinez,martivi01,DET,-13,-1.3,18000000
2018,35,Jeff Mathis,mathije01,ARI,7,0.6,2000000
2018,35,Joe Mauer,mauerjo01,MIN,14,1.5,23000000
2018,27,Bruce Maxwell,maxwebr01,OAK,0,0,550000
2018,31,Cameron Maybin,maybica01,2TM,8,0.7,3250000
2018,23,Nomar Mazara,mazarno01,TEX,6,0.7,563560
2018,34,Brian McCann,mccanbr01,HOU,8,0.9,17000000
2018,28,James McCann,mccanja02,DET,-7,-0.8,2375000
2018,31,Andrew McCutchen,mccutan01,2TM,30,2.8,14750000
2018,23,Ryan McMahon,mcmahry01,COL,4,0.3,547000
2018,31,Jordy Mercer,mercejo03,PIT,3,0.1,6750000
2018,29,Whit Merrifield,merriwh01,KCR,50,5.2,569500
2018,30,Devin Mesoraco,mesorde01,2TM,7,0.6,13125000
2018,28,Brad Miller,millebr02,2TM,2,0.2,4500000
2018,35,Yadier Molina,molinya01,STL,18,1.6,20000000
2018,23,Yoan Moncada,moncayo01,CHW,12,1.3,555000
2018,34,Miguel Montero,montemi01,WSN,-2,-0.3,1300000
2018,35,Kendrys Morales,moralke01,TOR,7,0.8,11000000
2018,25,Colin Moran,moranco01,PIT,8,0.6,550000
2018,32,Mitch Moreland,morelmi01,BOS,11,1.1,6500000
2018,30,Logan Morrison,morrilo01,MIN,-2,-0.2,5500000
2018,29,Mike Moustakas,moustmi01,2TM,24,2.4,5500000
2018,23,Yairo Munoz,munozya01,STL,6,0.5,545000
2018,33,Daniel Murphy,murphda08,2TM,-2,-0.5,17500000
2018,27,John Ryan Murphy,murphjr01,ARI,-2,-0.3,558000
2018,27,Wil Myers,myerswi01,SDP,22,2.1,4500000
2018,27,Tyler Naquin,naquity01,CLE,8,0.8,564800
2018,26,Omar Narvaez,narvaom01,CHW,17,1.8,560000
2018,25,Brandon Nimmo,nimmobr01,NYM,43,4.2,555968
2018,31,Eduardo Nunez,nunezed02,BOS,-13,-1.2,4000000
2018,24,Rougned Odor,odorro01,TEX,29,3.1,3333334
2018,23,Shohei Ohtani,ohtansh01,LAA,27,2.7,545000
2018,24,Matt Olson,olsonma02,OAK,40,4.2,547500
2018,32,Paulo Orlando,orlanpa01,KCR,-4,-0.5,568500
2018,26,Chris Owings,owingch01,ARI,1,-0.1,3400000
2018,27,Marcell Ozuna,ozunama01,STL,28,2.6,9000000
2018,27,Joe Panik,panikjo01,SFG,4,0.2,3450000
2018,31,Gerardo Parra,parrage01,COL,6,0.3,10000000
2018,35,Steve Pearce,pearcst01,2TM,14,1.4,6250000
2018,26,Joc Pederson,pederjo01,LAD,22,2.1,2600000
2018,34,Dustin Pedroia,pedrodu01,BOS,-1,-0.1,16000000
2018,28,Francisco Pena,penafr01,STL,-9,-1.1,650000
2018,35,Hunter Pence,pencehu01,SFG,-7,-0.9,18500000
2018,34,Cliff Pennington,pennicl01,CIN,-4,-0.5,1500000
2018,30,David Peralta,peralda01,ARI,38,3.7,3300000
2018,24,Jose Peraza,perazjo01,CIN,27,2.5,570000
2018,27,Hernan Perez,perezhe01,MIL,16,1.5,1975000
2018,29,Roberto Perez,perezro02,CLE,-5,-0.5,1625000
2018,28,Salvador Perez,perezsa02,KCR,21,2.2,8700000
2018,30,Tommy Pham,phamth01,2TM,36,3.5,570100
2018,30,Josh Phegley,phegljo01,OAK,3,0.3,905000
2018,29,Kevin Pillar,pillake01,TOR,20,2.1,3250000
2018,31,Manny Pina,pinama01,MIL,12,1.1,560100
2018,26,Chad Pinder,pindech01,OAK,24,2.5,550000
2018,28,Jose Pirela,pireljo01,SDP,-1,-0.4,556200
2018,27,Stephen Piscotty,piscost01,OAK,27,2.9,1333333
2018,27,Kevin Plawecki,plaweke01,NYM,13,1.2,557471
2018,32,Trevor Plouffe,plouftr01,PHI,-1,-0.1,1500000
2018,26,Gregory Polanco,polangr01,PIT,23,2.1,4100000
2018,24,Jorge Polanco,polanjo01,MIN,11,1.2,575000
2018,30,A.J. Pollock,polloaj01,ARI,26,2.4,7750000
2018,31,Buster Posey,poseybu01,SFG,31,3,22177778
2018,25,Boog Powell,powelbo02,OAK,-5,-0.5,547500
2018,34,Martin Prado,pradoma01,MIA,0,-0.1,13500000
2018,25,Jurickson Profar,profaju01,TEX,22,2.2,1050000
2018,27,Yasiel Puig,puigya01,LAD,23,2.2,9214000
2018,38,Albert Pujols,pujolal01,LAA,7,0.8,27000000
2018,25,Roman Quinn,quinnro01,PHI,6,0.6,545000
2018,34,Hanley Ramirez,ramirha01,BOS,0,0,22750000
2018,25,Jose Ramirez,ramirjo01,CLE,75,7.6,2828600
2018,30,Wilson Ramos,ramoswi01,2TM,25,2.5,8500000
2018,31,Colby Rasmus,rasmuco01,BAL,-3,-0.3,3000000
2018,27,J.T. Realmuto,realmjt01,MIA,45,4.5,2900000
2018,31,Josh Reddick,reddijo01,HOU,15,1.6,13000000
2018,28,Anthony Rendon,rendoan01,WSN,49,4.8,12300000
2018,35,Jose Reyes,reyesjo01,NYM,-4,-0.6,2000000
2018,23,Victor Reyes,reyesvi01,DET,-8,-0.8,545000
2018,26,JT Riddle,riddljt01,MIA,18,1.8,545000
2018,34,Rene Rivera,riverre01,2TM,3,0.3,2800000
2018,28,Anthony Rizzo,rizzoan01,CHC,31,2.8,7285714
2018,33,Sean Rodriguez,rodrise01,PIT,-4,-0.5,5750000
2018,29,Miguel Rojas,rojasmi02,MIA,15,1.3,1180000
2018,32,Andrew Romine,rominan01,SEA,-1,-0.1,1050000
2018,29,Austin Romine,rominau01,NYY,12,1.3,1100000
2018,35,Sergio Romo,romose01,TBR,0,0,2500000
2018,35,Adam Rosales,rosalad01,CLE,0,0,100000
2018,22,Amed Rosario,rosaram01,NYM,7,0.4,548940
2018,26,Eddie Rosario,rosared01,MIN,40,4.1,602500
2018,28,Ryan Rua,ruary01,TEX,-9,-0.9,870000
2018,24,Addison Russell,russead02,CHC,23,2.2,3200000
2018,28,Tyler Saladino,saladty01,2TM,4,0.3,565000
2018,33,Jarrod Saltalamacchia,saltaja01,DET,-2,-0.3,100000
2018,25,Gary Sanchez,sanchga02,NYY,10,1.1,620400
2018,26,Yolmer Sanchez,sanchca01,CHW,21,2.2,2350000
2018,31,Pablo Sandoval,sandopa01,SFG,4,0.3,545000
2018,25,Miguel Sano,sanomi01,MIN,-7,-0.7,602500
2018,32,Carlos Santana,santaca01,PHI,19,1.6,18333333
2018,25,Domingo Santana,santado01,MIL,10,0.9,572400
2018,23,Anthony Santander,santaan02,BAL,-5,-0.6,546500
2018,27,Scott Schebler,schebsc01,CIN,12,1,580000
2018,26,Jonathan Schoop,schoojo01,2TM,19,1.8,8500000
2018,25,Kyle Schwarber,schwaky01,CHC,20,1.8,604500
2018,24,Corey Seager,seageco01,LAD,4,0.3,605000
2018,30,Kyle Seager,seageky01,SEA,2,0.3,19000000
2018,28,Jean Segura,segurje01,SEA,31,3.2,9600000
2018,27,Marcus Semien,semiema01,OAK,45,4.7,3125000
2018,28,Travis Shaw,shawtr01,MIL,43,4.2,567400
2018,31,JB Shuck,shuckja01,MIA,-9,-1,750000
2018,28,Andrelton Simmons,simmoan01,LAA,61,6.3,11000000
2018,23,Chance Sisco,siscoch01,BAL,-3,-0.3,546500
2018,31,Justin Smoak,smoakju01,TOR,19,2,4125000
2018,29,Jake Smolinski,smolija01,OAK,-3,-0.3,775000
2018,32,Eric Sogard,sogarer01,MIL,-7,-0.9,2400000
2018,30,Yangervis Solarte,solarya01,TOR,-9,-0.9,4125000
2018,26,Jorge Soler,solerjo01,KCR,6,0.6,4666667
2018,29,Steven Souza Jr.,souzast01,ARI,-2,-0.4,3550000
2018,34,Denard Span,spande01,2TM,20,2.1,11000000
2018,27,Cory Spangenberg,spangco01,SDP,11,0.9,1700000
2018,28,George Springer,springe01,HOU,26,2.7,12000000
2018,28,Giancarlo Stanton,stantmi03,NYY,42,4.3,25000000
2018,27,Max Stassi,stassma01,HOU,9,0.9,557100
2018,36,Chris Stewart,stewach01,2TM,-1,-0.1,575000
2018,25,Trevor Story,storytr01,COL,57,5.6,555000
2018,26,Eugenio Suarez,suareeu01,CIN,43,4.2,2535714
2018,30,Jesus Sucre,sucreje01,TBR,-1,-0.1,925000
2018,44,Ichiro Suzuki,suzukic01,SEA,-6,-0.6,750000
2018,34,Kurt Suzuki,suzukku01,ATL,22,2.1,3500000
2018,24,Dansby Swanson,swansda01,ATL,25,2.3,565000
2018,26,Blake Swihart,swihabl01,BOS,0,0,563500
2018,28,Matt Szczur,szczuma01,SDP,-2,-0.3,950000
2018,27,Mike Tauchman,tauchmi01,COL,-5,-0.6,547000
2018,27,Chris Taylor,tayloch03,LAD,40,3.9,575000
2018,27,Michael A. Taylor,taylomi02,WSN,14,1.2,2525000
2018,27,Tomas Telis,telisto01,MIA,-1,-0.1,545000
2018,31,Eric Thames,thameer01,MIL,4,0.3,5000000
2018,22,Carlos Tocci,toccica01,TEX,-15,-1.5,545000
2018,28,Kelby Tomlinson,tomlike01,SFG,0,-0.1,560000
2018,21,Gleyber Torres,torregl01,NYY,34,3.5,545000
2018,25,Ronald Torreyes,torrero01,NYY,1,0.1,615500
2018,27,Devon Travis,travide01,TOR,3,0.3,1450000
2018,26,Mike Trout,troutmi01,LAA,101,10.2,34083000
2018,32,Mark Trumbo,trumbma01,BAL,4,0.4,12500000
2018,27,Preston Tucker,tuckepr01,2TM,-3,-0.4,565000
2018,33,Justin Turner,turneju01,LAD,50,4.9,12000000
2018,25,Trea Turner,turnetr01,WSN,43,4.1,577200
2018,30,Justin Upton,uptonju01,LAA,37,3.8,16000000
2018,39,Chase Utley,utleych01,LAD,-1,-0.2,1000000
2018,25,Pat Valaika,valaipa01,COL,-12,-1.4,550000
2018,32,Luis Valbuena,valbulu01,LAA,-8,-0.8,8000000
2018,33,Danny Valencia,valenda01,BAL,-1,-0.1,1200000
2018,27,Christian Vazquez,vazquch01,BOS,-10,-1,1425000
2018,27,Christian Villanueva,villach01,SDP,20,1.8,548500
2018,27,Jonathan Villar,villajo01,2TM,27,2.7,2550000
2018,34,Joey Votto,vottojo01,CIN,41,4,25000000
2018,23,Tyler Wade,wadety01,NYY,-3,-0.2,551300
2018,32,Neil Walker,walkene01,NYY,-1,-0.1,4000000
2018,26,Chad Wallach,wallach01,MIA,1,0.1,545000
2018,32,Matt Wieters,wietema01,WSN,5,0.4,10500000
2018,24,Nick Williams,willini01,PHI,-5,-0.8,553000
2018,24,Jesse Winker,winkeje01,CIN,2,0.1,545000
2018,26,Tony Wolters,wolteto01,COL,6,0.5,550000
2018,27,Kolten Wong,wongko01,STL,32,3.2,4000000
2018,35,David Wright,wrighda03,NYM,0,0,20000000
2018,26,Christian Yelich,yelicch01,MIL,74,7.3,7000000
2018,34,Chris Young,youngch04,LAA,-7,-0.7,2000000
2018,25,Bradley Zimmer,zimmebr01,CLE,1,0.1,551200
2018,33,Ryan Zimmerman,zimmery01,WSN,16,1.5,14000000
2018,37,Ben Zobrist,zobribe01,CHC,35,3.4,16500000
2018,27,Mike Zunino,zuninmi01,SEA,17,1.8,2975000
