yearID,Age,Name,playerID,WAR,RAR,Salary
2016,30,Fernando Abad,abadfe01,0.8,8,1250000
2016,33,Matt Albers,alberma01,-2,-15,2000000
2016,30,Al Alburquerque,albural01,-0.1,-2,1100000
2016,27,Cody Allen,allenco01,1.8,16,4150000
2016,27,Jose Alvarez,alvarjo02,0,2,519500
2016,27,Alexi Amarista,amarial01,0,0,1350000
2016,28,Brett Anderson,anderbr04,-0.7,-9,15800000
2016,28,Chase Anderson,anderch01,0.9,8,520200
2016,25,Cody Anderson,anderco01,-0.8,-9,511400
2016,27,Chris Archer,archech01,2,22,2916666
2016,30,Jake Arrieta,arrieja01,3.8,35,10700000
2016,26,Luis Avilan,avilalu01,0.3,3,1390000
2016,33,John Axford,axforjo01,0.9,10,4500000
2016,28,Pedro Baez,baezpe01,1.2,11,520000
2016,30,Homer Bailey,baileho02,-0.5,-5,18000000
2016,23,Johnny Barbato,barbajo01,-0.3,-3,507500
2016,26,Matt Barnes,barnema01,0.3,5,511000
2016,32,Tony Barnette,barneto01,2.2,21,1500000
2016,30,Darwin Barney,barneda01,-0.1,0,1050000
2016,24,Jake Barrett,barreja01,1.2,11,507500
2016,27,Chris Bassitt,bassich01,-0.2,-2,510000
2016,30,Antonio Bastardo,bastaan01,-0.1,-1,5375000
2016,24,Cam Bedrosian,bedroca01,1.4,14,510500
2016,36,Matt Belisle,belisma01,1.2,12,1250000
2016,38,Joaquin Benoit,benoijo01,1.1,9,8000000
2016,28,Christian Bergman,bergmch01,-0.7,-8,512500
2016,28,Dellin Betances,betande01,1.2,12,507500
2016,24,Christian Bethancourt,bethach01,0.1,1,511200
2016,27,Chad Bettis,bettich01,1.6,15,512500
2016,26,Joe Biagini,biagijo01,0.9,10,507500
2016,35,Joe Blanton,blantjo01,1.9,18,4000000
2016,27,Michael Blazek,blazemi01,-1,-8,514200
2016,32,Jerry Blevins,blevije01,1,9,4000000
2016,25,Matt Bowman,bowmama01,0.6,6,507500
2016,28,Brad Boxberger,boxbebr01,-0.1,0,519200
2016,34,Blaine Boyer,boyerbl01,0.6,6,950000
2016,30,Brad Brach,brachbr01,2.4,23,1250000
2016,23,Silvino Bracho,brachsi01,-0.5,-7,509300
2016,35,Craig Breslow,breslcr01,-0.2,-2,1500000
2016,28,Zack Britton,brittza01,4.1,32,6750000
2016,32,Jonathan Broxton,broxtjo01,0.1,1,3750000
2016,31,Clay Buchholz,buchhcl01,0.1,2,13000000
2016,29,Ryan Buchter,buchtry01,1.4,13,520000
2016,26,Madison Bumgarner,bumgama01,4.8,44,9750000
2016,25,Enrique Burgos,burgoen02,-0.3,-2,511500
2016,32,Drew Butera,buterdr01,0.1,1,1162500
2016,28,Trevor Cahill,cahiltr01,1,10,4250000
2016,31,Matt Cain,cainma01,-0.7,-9,21000000
2016,29,Arquimedes Caminero,caminar01,0.2,3,532500
2016,37,Chris Capuano,capuach01,0.2,2,1500000
2016,29,Carlos Carrasco,carraca01,3,29,4500000
2016,29,Andrew Cashner,cashnan01,-0.7,-8,7150000
2016,35,Santiago Casilla,garcija01,0.7,6,6500000
2016,21,Miguel Castro,castrmi01,-0.2,-1,509500
2016,29,Brett Cecil,cecilbr01,0.3,4,3800000
2016,29,Xavier Cedeno,cedenxa01,0.6,6,524100
2016,24,Luis Cessa,cessalu01,0.6,7,507500
2016,30,Joba Chamberlain,chambjo03,0.4,5,1000000
2016,28,Aroldis Chapman,chapmar01,2.6,20,11325000
2016,26,Tyler Chatwood,chatwty01,3.3,31,1000000
2016,32,Jesse Chavez,chaveje01,-0.2,0,4000000
2016,30,Wei-Yin Chen,chenwe02,-0.1,-1,12500000
2016,26,Tony Cingrani,cingrto01,0.6,6,530000
2016,30,Steve Cishek,cishest01,1.6,13,4000000
2016,24,Alex Claudio,claudal01,1.2,13,510250
2016,31,Tyler Clippard,clippty01,1.1,10,6100000
2016,28,Alex Cobb,cobbal01,-0.8,-9,4000000
2016,25,Gerrit Cole,colege01,1.5,14,541000
2016,30,Louis Coleman,colemlo01,-0.4,-3,725000
2016,30,Josh Collmenter,collmjo01,0.8,7,1825000
2016,27,Alex Colome,colomal01,2.3,19,521700
2016,43,Bartolo Colon,colonba01,3,28,7250000
2016,26,Adam Conley,conlead01,1.8,17,512500
2016,26,Patrick Corbin,corbipa01,-0.7,-7,2525000
2016,26,Jarred Cosart,cosarja01,-0.9,-10,550000
2016,28,Caleb Cotham,cothaca01,-0.8,-7,509675
2016,30,Johnny Cueto,cuetojo01,5.5,50,15833333
2016,29,Yu Darvish,darviyu01,2.5,24,10000000
2016,30,Wade Davis,daviswa01,1.8,15,8000000
2016,35,Jorge De La Rosa,rosajo01,-0.1,-2,12500000
2016,27,Rubby De La Rosa,delarru01,0.9,8,2350000
2016,28,Jacob deGrom,degroja01,3.4,31,607000
2016,26,Randall Delgado,delgara01,0.7,7,1275000
2016,26,Anthony DeSclafani,desclan01,2.8,26,540000
2016,30,Ross Detwiler,detwiro01,-0.2,-2,1000000
2016,32,Jumbo Diaz,diazju03,0.4,5,525000
2016,41,R.A. Dickey,dicker.01,0.4,5,12000000
2016,29,Jake Diekman,diekmja01,1.1,11,1255000
2016,29,Sean Doolittle,doolise01,0.9,9,1580000
2016,27,Danny Duffy,duffyda01,4,40,4225000
2016,33,Zach Duke,dukeza01,2.1,19,5000000
2016,26,Ryan Dull,dullry01,2.3,22,507500
2016,31,Mike Dunn,dunnmi01,0.6,6,3450000
2016,28,Sam Dyson,dysonsa01,2.9,23,525270
2016,29,Josh Edgin,edginjo01,0,0,625000
2016,25,Jerad Eickhoff,eickhje01,3.5,32,516000
2016,27,Roenis Elias,eliasro01,-0.4,-7,558000
2016,26,Nathan Eovaldi,eovalna01,1.3,14,5600000
2016,27,Eduardo Escobar,escobed01,0,1,2150000
2016,32,Marco Estrada,estrama01,3.6,36,11500000
2016,32,Dana Eveland,evelada01,-1,-10,895000
2016,26,Jeurys Familia,familje01,1.8,15,4100000
2016,25,Buck Farmer,farmebu01,0.2,3,509500
2016,29,Danny Farquhar,farquda01,0.5,6,527000
2016,23,Andrew Faulkner,faulkan01,-0.3,-3,508500
2016,33,Scott Feldman,feldmsc01,-0.2,-2,8000000
2016,28,Neftali Feliz,felizne01,1,9,3900000
2016,23,Jose Fernandez,fernajo02,4.4,40,2800000
2016,30,Josh Fields,fieldjo03,-0.2,-4,900000
2016,32,Casey Fien,fienca01,-0.4,-3,2275000
2016,31,Mike Fiers,fiersmi01,0.1,2,524100
2016,23,Brandon Finnegan,finnebr01,2.1,20,511500
2016,32,Doug Fister,fistedo01,-0.2,-1,7000000
2016,29,Ryan Flaherty,flahery01,-0.1,-1,1500000
2016,33,Gavin Floyd,floydga01,0.2,3,1000000
2016,29,Sam Freeman,freemsa01,-0.3,-7,520700
2016,26,Carlos Frias,friasca01,0.1,2,517500
2016,30,Yovani Gallardo,gallayo01,-0.1,0,9000000
2016,23,John Gant,gantjo01,-0.2,-3,507500
2016,29,Jaime Garcia,garcija02,0.9,8,11500000
2016,25,Yimi Garcia,garciyi01,0.1,1,517500
2016,32,Matt Garza,garzama01,-0.4,-4,12500000
2016,25,Kevin Gausman,gausmke01,3.9,38,532000
2016,30,Cory Gearrin,gearrco01,-0.1,0,550000
2016,30,Dillon Gee,geedi01,0.5,7,2000000
2016,28,Steve Geltz,geltzst01,-0.2,-3,519300
2016,28,Kyle Gibson,gibsoky01,0.9,10,587500
2016,25,Ken Giles,gileske01,-0.3,1,528200
2016,28,Ryan Goins,goinsry01,0.1,1,520200
2016,28,Jeanmar Gomez,gomezje01,-0.2,0,1400000
2016,30,Gio Gonzalez,gonzagi01,0.8,7,12000000
2016,25,Kendall Graveman,graveke01,3.5,35,512500
2016,24,Jon Gray,grayjo02,2,19,509500
2016,26,Sonny Gray,grayso01,-0.3,-3,527500
2016,27,Shane Greene,greensh02,-0.4,-2,517000
2016,32,Luke Gregerson,gregelu01,0.5,6,6250000
2016,32,Zack Greinke,greinza01,2.5,24,34000000
2016,39,Jason Grilli,grillja01,0.4,5,3500000
2016,27,Justin Grimm,grimmju01,0.2,2,1275000
2016,28,Jason Gurka,gurkaja01,-0.3,-4,660000
2016,32,Cole Hamels,hamelco01,5.2,50,23500000
2016,33,Jason Hammel,hammeja01,1.4,13,9000000
2016,33,J.A. Happ,happja01,4.5,44,10000000
2016,29,Blaine Hardy,hardybl01,0.4,5,520500
2016,31,Will Harris,harriwi10,1.6,15,525500
2016,27,Matt Harvey,harvema01,-0.1,-2,4325000
2016,31,Chris Hatcher,hatchch02,-0.6,-6,1065000
2016,25,Andrew Heaney,heanean01,0,0,515000
2016,29,Jeremy Hellickson,hellije01,2.9,27,7000000
2016,33,Jim Henderson,hendeji01,0.1,1,600000
2016,26,Kyle Hendricks,hendrky01,5.4,49,541000
2016,27,Liam Hendriks,hendrli01,0.7,8,523400
2016,31,David Hernandez,hernada01,0.9,9,3900000
2016,30,Felix Hernandez,hernafe02,1.3,14,25857000
2016,26,Kelvin Herrera,herreke01,2,18,2550000
2016,28,Chris Heston,hestoch01,-0.4,-3,530000
2016,36,Rich Hill,hillri01,4.3,39,6000000
2016,30,Dalier Hinojosa,hinojda01,0.2,2,514000
2016,32,Luke Hochevar,hochelu01,0.4,4,5500000
2016,28,Bryan Holaday,holadbr01,0,1,519000
2016,29,Derek Holland,hollade01,0.8,8,10000000
2016,27,Tyler Holt,holtty01,0,1,507500
2016,28,J.J. Hoover,hoovejj01,-1.6,-18,1400000
2016,33,J.P. Howell,howeljp01,0.3,4,6250000
2016,29,Daniel Hudson,hudsoda01,-0.5,-3,2700000
2016,30,Jared Hughes,hugheja02,0.9,9,2175000
2016,30,Phil Hughes,hugheph01,-0.1,-1,9200000
2016,29,Tommy Hunter,hunteto02,0.6,6,2000000
2016,25,Drew Hutchison,hutchdr01,0,0,2200000
2016,26,Raisel Iglesias,iglesra01,2.7,23,3214286
2016,35,Hisashi Iwakuma,iwakuhi01,2.4,25,11000000
2016,32,Edwin Jackson,jacksed01,-0.6,-7,507500
2016,28,Kenley Jansen,janseke01,2.8,22,10650000
2016,28,Jeremy Jeffress,jeffrje01,1.8,15,519100
2016,29,Dan Jennings,jennida01,1.6,16,810000
2016,31,Kevin Jepsen,jepseke01,-0.9,-6,5312500
2016,32,Ubaldo Jimenez,jimenub01,-0.4,-4,13000000
2016,33,Jim Johnson,johnsji04,1.4,12,2500000
2016,30,Nate Jones,jonesna01,2.3,19,900000
2016,26,Taylor Jungmann,jungmta01,-0.7,-8,518500
2016,28,Nate Karns,karnsna01,0.1,1,523700
2016,32,Scott Kazmir,kazmisc01,0.5,4,12666667
2016,23,Keone Kela,kelake01,-0.4,-3,518000
2016,32,Shawn Kelley,kellesh01,1.5,13,4000000
2016,28,Joe Kelly,kellyjo05,-0.1,0,2600000
2016,31,Ian Kennedy,kenneia01,4.3,42,7500000
2016,28,Clayton Kershaw,kershcl01,5.8,51,34571429
2016,28,Dallas Keuchel,keuchda01,0.3,4,7250000
2016,28,Craig Kimbrel,kimbrcr01,0.8,8,11250000
2016,27,Phil Klein,kleinph01,-0.3,-4,509500
2016,30,Corey Kluber,klubeco01,5.6,54,4700000
2016,24,Corey Knebel,knebeco01,-0.2,-1,513000
2016,30,Tom Koehler,koehlto01,0.7,6,3500000
2016,31,George Kontos,kontoge01,0.8,8,1150000
2016,36,Erik Kratz,kratzer01,0,-1,850000
2016,37,John Lackey,lackejo01,2.9,27,16000000
2016,25,John Lamb,lambjo02,-0.8,-9,507500
2016,28,Mat Latos,latosma01,0.1,2,3000000
2016,31,Tommy Layne,layneto01,0.8,8,563750
2016,28,Mike Leake,leakemi01,0.6,5,12000000
2016,27,Arnold Leon,leonar01,-0.2,-1,510500
2016,32,Jon Lester,lestejo01,5.6,51,25000000
2016,36,Colby Lewis,lewisco01,2.4,24,6000000
2016,32,Tim Lincecum,linceti01,-1.6,-19,2500000
2016,32,Francisco Liriano,liriafr01,0.2,2,13666667
2016,26,Kyle Lobstein,lobstky01,0.4,4,520000
2016,28,Jeff Locke,lockeje01,-0.3,-4,3025000
2016,31,Boone Logan,loganbo02,0.6,6,6250000
2016,38,Javier Lopez,lopezja02,0.2,2,5000000
2016,24,Michael Lorenzen,lorenmi01,1.3,12,516500
2016,28,Aaron Loup,loupaa01,0,0,1050000
2016,33,Mark Lowe,lowema01,-1,-11,5500000
2016,31,Cory Luebke,luebkco01,-0.3,-4,1000000
2016,25,Jordan Lyles,lylesjo01,-0.9,-9,2975000
2016,28,Tyler Lyons,lyonsty01,0.8,9,512500
2016,35,Ryan Madson,madsory01,1.3,12,6666667
2016,28,Kenta Maeda,maedake01,2.8,26,3125000
2016,27,Seth Maness,manesse01,0.3,3,1400000
2016,31,Jeff Manship,manshje01,0.4,5,760000
2016,27,Michael Mariot,mariomi01,-0.3,-2,512500
2016,24,Carlos Martinez,martica04,5.6,51,539000
2016,25,Nick Martinez,martini01,0.1,1,519190
2016,25,Steven Matz,matzst01,2.5,23,515750
2016,25,Brandon Maurer,maurebr01,-0.2,0,526400
2016,26,Trevor May,maytr01,-0.1,1,545000
2016,28,Zach McAllister,mcallza01,0.9,10,1300000
2016,32,Brandon McCarthy,mccarbr01,0,-1,12500000
2016,22,Lance McCullers Jr.,mcculla02,1.5,15,516700
2016,27,T.J. McFarland,mcfartj01,-0.4,-5,523500
2016,29,Jake McGee,mcgeeja01,0.3,3,4800000
2016,34,Dustin McGowan,mcgowdu01,0.8,9,1000000
2016,29,Collin McHugh,mchugco01,0.9,10,529000
2016,30,Kris Medlen,medlekr01,-0.9,-11,5500000
2016,31,Mark Melancon,melanma01,2.8,23,9650000
2016,29,Wade Miley,mileywa01,0,1,6167000
2016,31,Andrew Miller,millean01,3.8,31,9000000
2016,29,Justin Miller,milleju02,0,-1,509500
2016,25,Shelby Miller,millesh01,-0.4,-4,4350000
2016,29,Tommy Milone,milonto01,-0.6,-6,4500000
2016,25,Bryan Mitchell,mitchbr01,0.4,4,516650
2016,32,Miguel Montero,montemi01,0,0,14000000
2016,26,Mike Montgomery,montgmi01,2.1,22,515000
2016,27,Matt Moore,moorema02,2.1,21,5000000
2016,30,Franklin Morales,moralfr01,-0.2,-2,2000000
2016,25,Mike Morin,morinmi01,-0.4,-2,520000
2016,29,Bryan Morris,morribr01,0.2,2,1350000
2016,32,Charlie Morton,mortoch02,0.3,3,8000000
2016,24,Jon Moscot,moscojo01,-0.7,-8,508000
2016,34,Jason Motte,motteja01,-0.1,0,5000000
2016,34,Chris Narveson,narvech01,-0.5,-4,1200000
2016,27,Jimmy Nelson,nelsoji02,0.3,2,522300
2016,27,Hector Neris,nerishe01,2.1,18,515000
2016,35,Pat Neshek,neshepa01,0.5,6,6500000
2016,29,Juan Nicasio,nicasju01,0.4,4,3000000
2016,29,Jon Niese,niesejo01,0.1,-2,9000000
2016,23,Aaron Nola,nolaaa01,0,-1,517500
2016,33,Ricky Nolasco,nolasri01,1.9,20,12000000
2016,31,Bud Norris,norribu01,-0.1,-2,2500000
2016,23,Daniel Norris,norrida01,1.7,16,514500
2016,29,Ivan Nova,novaiv01,1.9,19,4100000
2016,28,Vidal Nuno III,nunovi01,0.9,10,532900
2016,33,Darren O'Day,odayda01,0.5,5,6000000
2016,31,Eric O'Flaherty,oflaher01,-0.9,-8,1750000
2016,26,Brett Oberholtzer,oberhbr01,-0.5,-8,518000
2016,26,Jake Odorizzi,odorija01,3.2,32,520700
2016,32,Alexi Ogando,ogandal01,0,0,2000000
2016,33,Seunghwan Oh,ohse01,2.9,23,2500000
2016,33,Ross Ohlendorf,ohlenro01,0.2,3,800000
2016,27,Josh Osich,osichjo01,-0.1,0,512500
2016,21,Roberto Osuna,osunaro01,2.1,18,516100
2016,31,Dan Otero,oteroda01,2.5,27,520000
2016,30,Adam Ottavino,ottavad01,1,8,1300000
2016,35,Jonathan Papelbon,papeljo01,0,1,11000000
2016,35,Jake Peavy,peavyja01,-1.1,-12,15000000
2016,32,Mike Pelfrey,pelfrmi01,0.2,2,8000000
2016,27,Ariel Pena,penaar01,-0.2,-4,510100
2016,40,Joel Peralta,peraljo01,-0.6,-4,1250000
2016,27,Wily Peralta,peralwi01,0.4,4,2800000
2016,23,Luis Perdomo,perdolu02,-1.2,-14,507500
2016,25,Martin Perez,perezma02,2,21,2900000
2016,34,Oliver Perez,perezol01,0,1,3000000
2016,25,Williams Perez,perezwi01,-0.5,-6,511250
2016,33,Glen Perkins,perkigl01,-0.1,-1,6300000
2016,31,Yusmeiro Petit,petityu01,0.1,2,2500000
2016,28,Jake Petricka,petrija01,-0.1,0,535000
2016,28,Josh Phegley,phegljo01,0,0,512500
2016,29,David Phelps,phelpda01,2.7,24,2500000
2016,27,Michael Pineda,pinedmi01,1.1,13,4300000
2016,27,Drew Pomeranz,pomerdr01,3.8,35,1350000
2016,27,Rick Porcello,porceri01,4.7,46,20125000
2016,27,Ryan Pressly,pressry01,1.2,12,520000
2016,30,David Price,priceda01,2.9,30,30000000
2016,28,Zach Putnam,putnaza01,0.7,8,975000
2016,27,Kevin Quackenbush,quackke01,0.5,6,521200
2016,37,Chad Qualls,quallch01,-0.1,-2,2250000
2016,27,Jose Quintana,quintjo01,5.3,51,5400000
2016,26,Erasmo Ramirez,ramirer02,0.9,11,2375000
2016,26,Jose Ramirez,ramirjo02,0.1,2,507500
2016,27,Neil Ramirez,ramirne01,-0.2,-2,524500
2016,26,Noe Ramirez,ramirno01,-0.2,-2,509500
2016,29,AJ Ramos,ramosaj01,1.3,11,3400000
2016,28,Cory Rasmus,rasmuco02,-0.2,-3,514500
2016,28,Josh Ravin,ravinjo01,0.3,4,515000
2016,24,Robbie Ray,rayro02,1,9,521000
2016,25,Colin Rea,reaco01,-0.2,-3,510200
2016,27,Addison Reed,reedad01,2.7,22,5300000
2016,32,Clayton Richard,richacl01,0.4,3,2000000
2016,28,Garrett Richards,richaga01,0.4,4,6425000
2016,29,Tanner Roark,roarkta01,5.5,50,543400
2016,31,David Robertson,roberda08,1.2,11,11000000
2016,25,Hansel Robles,robleha01,0.8,8,516500
2016,39,Fernando Rodney,rodnefe01,1,7,1600000
2016,23,Carlos Rodon,rodonca01,1.7,18,518000
2016,23,Eduardo Rodriguez,rodried05,0.4,4,521000
2016,32,Fernando Rodriguez Jr.,rodrife02,0.4,5,1050000
2016,34,Francisco Rodriguez,rodrifr03,1.3,11,7500000
2016,29,Chaz Roe,roech01,0.4,4,720000
2016,25,Enny Romero,romeren01,-0.6,-6,510000
2016,30,Andrew Romine,rominan01,0,0,900000
2016,33,Sergio Romo,romose01,0.7,6,9000000
2016,28,Hector Rondon,rondohe01,0.5,5,4200000
2016,26,Trevor Rosenthal,rosentr01,0,1,5600000
2016,23,Joe Ross,rossjo01,2,18,514400
2016,27,Robbie Ross,rossro01,0.8,9,1250000
2016,29,Tyson Ross,rossty01,-0.3,-5,9625000
2016,29,Chris Rusin,rusinch01,1.9,18,512500
2016,30,James Russell,russeja02,-0.6,-7,1500000
2016,24,Kyle Ryan,ryanky01,1.1,13,509500
2016,29,Hyun-Jin Ryu,ryuhy01,-0.3,-4,7833000
2016,30,Marc Rzepczynski,rzepcma01,1.2,12,2950000
2016,35,CC Sabathia,sabatc.01,3.1,31,25000000
2016,31,Fernando Salas,salasfe01,0.5,6,2400000
2016,26,Danny Salazar,salazda01,2.5,25,536200
2016,27,Chris Sale,salech01,4.9,48,9150000
2016,31,Jeff Samardzija,samarje01,2.6,24,10800000
2016,25,Keyvius Sampson,sampske01,-0.1,-1,507500
2016,23,Aaron Sanchez,sanchaa01,5.1,49,517800
2016,32,Anibal Sanchez,sanchan01,-0.9,-8,16800000
2016,33,Ervin Santana,santaer01,4,39,13500000
2016,28,Hector Santiago,santihe01,1.1,12,5000000
2016,23,Luis Sardinas,sardilu01,0,1,512000
2016,29,Tanner Scheppers,schepta01,0.1,1,900000
2016,31,Max Scherzer,scherma01,6.2,56,22143000
2016,30,Bo Schultz,schulbo02,-0.1,-1,513300
2016,30,Evan Scribner,scribev01,0.8,7,807500
2016,22,Luis Severino,severlu01,-0.4,-3,521300
2016,28,Bryan Shaw,shawbr01,1.2,12,2750000
2016,34,James Shields,shielja02,-1.2,-15,21000000
2016,29,Matt Shoemaker,shoemma01,2.1,22,530000
2016,25,Chasen Shreve,shrevch01,0,1,533400
2016,29,JB Shuck,shuckja01,0,0,521000
2016,26,Kevin Siegrist,siegrke01,1.8,14,539000
2016,25,Shae Simmons,simmosh01,0.2,3,508000
2016,35,Alfredo Simon,simonal01,-2.2,-27,2000000
2016,32,Tony Sipp,sippto01,-0.4,-4,6000000
2016,24,Tyler Skaggs,skaggty01,0.7,7,515000
2016,26,Carson Smith,smithca02,0,0,529000
2016,32,Joe Smith,smithjo05,0.6,7,5250000
2016,26,Will Smith,smithwi04,0.2,2,1475000
2016,27,Drew Smyly,smylydr01,0.1,2,3750000
2016,32,Joakim Soria,soriajo01,0.5,7,7000000
2016,28,Drew Storen,storedr01,-0.3,-2,8375000
2016,27,Dan Straily,straida01,4.1,38,512100
2016,27,Stephen Strasburg,strasst01,3.4,31,10400000
2016,32,Huston Street,streehu01,-0.6,-4,8000000
2016,27,Hunter Strickland,strichu01,1.1,10,517500
2016,25,Marcus Stroman,stromma01,1.4,16,515900
2016,31,Pedro Strop,stroppe01,0.8,8,4400000
2016,25,Daniel Stumpf,stumpda01,-0.4,-3,507500
2016,23,Noah Syndergaard,syndeno01,5,45,535375
2016,27,Masahiro Tanaka,tanakma01,5.2,50,22000000
2016,30,Junichi Tazawa,tazawju01,0.3,4,3375000
2016,25,Julio Teheran,teherju01,4.7,43,3300000
2016,26,Ruben Tejada,tejadru01,-0.1,-1,1500000
2016,28,Ryan Tepera,teperry01,0.2,2,512200
2016,27,Tyler Thornburg,thornty01,2.5,19,513900
2016,39,Matt Thornton,thornma01,-0.2,-3,1600000
2016,28,Chris Tillman,tillmch01,3.5,35,6225000
2016,28,Shawn Tolleson,tollesh01,-1.3,-10,3275000
2016,31,Josh Tomlin,tomlijo01,1.1,12,2250000
2016,26,Michael Tonkin,tonkimi01,-0.3,-2,515000
2016,33,Carlos Torres,torreca01,2.2,20,950000
2016,28,Blake Treinen,treinbl01,2,17,524900
2016,25,Jacob Turner,turneja01,-1.2,-13,1500000
2016,41,Koji Uehara,ueharko01,0.7,8,9000000
2016,33,Jason Vargas,vargaja01,0.5,5,8500000
2016,24,Felipe Vazquez,riverfe01,0.2,3,516100
2016,24,Vince Velasquez,velasvi01,1.7,16,516000
2016,25,Yordano Ventura,ventuyo01,2,21,1200000
2016,25,Drew VerHagen,verhadr01,-0.3,-3,509500
2016,33,Justin Verlander,verlaju01,7.4,69,28000000
2016,26,Logan Verrett,verrelo01,-0.3,-4,514875
2016,32,Carlos Villanueva,villaca01,-1.1,-11,1500000
2016,29,Nick Vincent,vinceni01,0.6,7,525500
2016,25,Arodys Vizcaino,vizcaar01,-0.6,-4,897500
2016,38,Ryan Vogelsong,vogelry01,-0.1,-2,2000000
2016,32,Edinson Volquez,volqued01,-0.6,-5,9500000
2016,24,Michael Wacha,wachami01,-0.2,-3,539000
2016,34,Adam Wainwright,wainwad01,1.3,12,19500000
2016,23,Taijuan Walker,walketa01,0.3,4,528600
2016,28,Adam Warren,warread01,-0.4,-2,1700000
2016,31,Tony Watson,watsoto01,1.3,12,3450000
2016,33,Jered Weaver,weaveje02,-0.6,-6,20000000
2016,30,Ryan Webb,webbry01,-0.1,-2,1000000
2016,25,Tyler White,whitety01,0,0,507500
2016,27,Chase Whitley,whitlch01,0.1,1,524525
2016,26,Joe Wieland,wielajo01,-0.2,-3,590000
2016,32,Tom Wilhelmsen,wilheto01,-0.9,-8,3100000
2016,29,Alex Wilson,wilsoal01,2,19,522500
2016,28,Justin Wilson,wilsoju10,0.6,7,1525000
2016,26,Dan Winkler,winklda01,0.2,1,508500
2016,23,Matt Wisler,wislema01,0.5,4,507500
2016,27,Chris Withrow,withrch01,0.5,5,610000
2016,25,Alex Wood,woodal02,0.4,4,530000
2016,30,Blake Wood,woodbl01,0.5,5,600000
2016,29,Travis Wood,woodtr01,0.6,6,6175000
2016,28,Vance Worley,worleva01,1.4,16,2600000
2016,26,Mike Wright,wrighmi01,-0.5,-5,510500
2016,31,Steven Wright,wrighst01,1.9,20,514500
2016,29,Kirby Yates,yateski01,-0.1,0,511900
2016,37,Chris Young,youngch03,-0.9,-9,4250000
2016,36,Brad Ziegler,zieglbr01,2.2,18,5500000
2016,30,Jordan Zimmermann,zimmejo02,0.5,5,18000000
2016,25,Tony Zych,zychto01,0.1,1,511000
2017,31,Fernando Abad,abadfe01,0.5,7,2000000
2017,34,Matt Albers,alberma01,2.5,25,1150000
2017,24,Raul Alcantara,alcanra01,-0.3,-5,535000
2017,28,Cody Allen,allenco01,1.6,15,7350000
2017,24,Dan Altavilla,altavda01,-0.1,0,536100
2017,28,Dario Alvarez,alvarda01,0.2,3,538790
2017,28,Jose Alvarez,alvarjo02,0.2,4,557500
2017,29,Brett Anderson,anderbr04,-0.5,-5,3500000
2017,29,Chase Anderson,anderch01,4.3,41,2450000
2017,27,Tyler Anderson,anderty01,1.4,14,540000
2017,27,Matt Andriese,andrima01,0.1,2,547500
2017,35,Nori Aoki,aokino01,-0.1,-2,5500000
2017,28,Chris Archer,archech01,1.3,16,4916666
2017,26,Shawn Armstrong,armstsh01,0.1,2,535700
2017,31,Jake Arrieta,arrieja01,1.9,20,15637500
2017,40,Bronson Arroyo,arroybr01,-1.5,-17,535000
2017,25,Barrett Astin,astinba01,-0.1,-2,535000
2017,27,Luis Avilan,avilalu01,0.7,8,1500000
2017,34,John Axford,axforjo01,-0.3,-3,5500000
2017,33,Erick Aybar,aybarer01,0.1,1,1750000
2017,29,Pedro Baez,baezpe01,0.7,8,550000
2017,33,Andrew Bailey,bailean01,0.2,2,1000000
2017,31,Homer Bailey,baileho02,-0.9,-9,19000000
2017,27,Jacob Barnes,barneja01,0.5,7,537700
2017,27,Matt Barnes,barnema01,0.7,9,563500
2017,33,Tony Barnette,barneto01,-0.1,1,1750000
2017,27,Kyle Barraclough,barraky01,0.8,10,536500
2017,25,Jake Barrett,barreja01,-0.2,-2,548300
2017,31,Antonio Bastardo,bastaan01,-0.7,-10,6625000
2017,26,Trevor Bauer,bauertr01,2.9,31,3550000
2017,29,Buddy Baumann,baumabu01,0.5,5,535700
2017,25,Cam Bedrosian,bedroca01,-0.3,0,555000
2017,37,Matt Belisle,belisma01,0.1,4,2050000
2017,39,Joaquin Benoit,benoijo01,0,2,7500000
2017,29,Dellin Betances,betande01,1.5,15,3000000
2017,25,Christian Bethancourt,bethach01,-0.3,-7,541800
2017,28,Chad Bettis,bettich01,0.6,7,545000
2017,27,Joe Biagini,biagijo01,-0.3,0,543000
2017,26,Ty Blach,blachty01,1.5,17,536500
2017,33,Andres Blanco,blancan01,0,-1,3000000
2017,36,Joe Blanton,blantjo01,-0.2,-2,4000000
2017,33,Jerry Blevins,blevije01,1.4,13,5500000
2017,26,Matt Bowman,bowmama01,0.2,4,546600
2017,29,Brad Boxberger,boxbebr01,0.4,5,1600000
2017,26,Matthew Boyd,boydma01,1.3,15,544200
2017,31,Brad Brach,brachbr01,1.2,13,3050000
2017,24,Archie Bradley,bradlar01,3.5,30,544100
2017,36,Craig Breslow,breslcr01,0,0,1250000
2017,25,Austin Brice,briceau01,-0.1,0,535000
2017,29,Zack Britton,brittza01,1,10,11400000
2017,33,Jonathan Broxton,broxtjo01,-0.3,-3,3750000
2017,32,Clay Buchholz,buchhcl01,-0.4,-5,13500000
2017,30,Ryan Buchter,buchtry01,1.2,14,544700
2017,27,Madison Bumgarner,bumgama01,3.1,30,11500000
2017,31,Matt Bush,bushma01,0.3,5,544920
2017,29,Trevor Cahill,cahiltr01,0.3,3,1750000
2017,32,Matt Cain,cainma01,-0.4,-3,21000000
2017,26,Carter Capps,cappsca01,-0.1,-2,987500
2017,30,Carlos Carrasco,carraca01,5.2,52,6500000
2017,30,Andrew Cashner,cashnan01,4.7,46,10000000
2017,36,Santiago Casilla,garcija01,0.5,7,5000000
2017,30,Brett Cecil,cecilbr01,0.5,7,7750000
2017,30,Xavier Cedeno,cedenxa01,-0.6,-3,1300000
2017,29,Jhoulys Chacin,chacijh01,2.6,28,1750000
2017,27,Andrew Chafin,chafian01,1,11,559300
2017,29,Aroldis Chapman,chapmar01,1,10,17200000
2017,27,Tyler Chatwood,chatwty01,2.2,24,4400000
2017,33,Jesse Chavez,chaveje01,-0.2,0,5750000
2017,31,Wei-Yin Chen,chenwe02,0.4,5,15500000
2017,27,Tony Cingrani,cingrto01,0,1,1825000
2017,31,Steve Cishek,cishest01,1.5,14,6000000
2017,25,Alex Claudio,claudal01,2.9,28,545050
2017,32,Tyler Clippard,clippty01,0.1,2,6150000
2017,29,Alex Cobb,cobbal01,2.3,25,4200000
2017,26,Gerrit Cole,colege01,2.6,28,3750000
2017,31,Josh Collmenter,collmjo01,-0.8,-9,1200000
2017,28,Alex Colome,colomal01,0.7,8,547900
2017,44,Bartolo Colon,colonba01,-1.9,-23,12500000
2017,27,Adam Conley,conlead01,-1.4,-14,537500
2017,27,Patrick Corbin,corbipa01,2.6,28,3950000
2017,27,Jarred Cosart,cosarja01,0,0,566300
2017,25,Jharel Cotton,cottojh01,-0.7,-6,535000
2017,27,Danny Coulombe,couloda01,0.8,10,537500
2017,25,Dylan Covey,coveydy01,-1.3,-15,535000
2017,31,Johnny Cueto,cuetojo01,2,21,21833333
2017,30,Yu Darvish,darviyu01,4.1,42,11000000
2017,24,Zach Davies,davieza02,3,32,546200
2017,24,Rookie Davis,davisro03,-0.9,-11,535000
2017,31,Wade Davis,daviswa01,1.8,16,10000000
2017,29,Grant Dayton,daytogr01,-0.1,-1,540000
2017,36,Jorge De La Rosa,rosajo01,0.6,7,2250000
2017,29,Jacob deGrom,degroja01,4.2,43,4050000
2017,27,Randall Delgado,delgara01,0.6,7,1775000
2017,30,Daniel Descalso,descada01,0.1,1,1350000
2017,30,Odrisamer Despaigne,despaod01,0.1,2,535000
2017,26,Chris Devenski,devench02,1.9,18,554500
2017,23,Edwin Diaz,diazed04,0.8,9,545000
2017,26,Jairo Diaz,diazja01,-0.1,-3,540000
2017,33,Jumbo Diaz,diazju03,-0.7,-4,557500
2017,22,Miguel Diaz,diazmi02,-0.8,-10,535000
2017,42,R.A. Dickey,dicker.01,2.2,24,7500000
2017,30,Jake Diekman,diekmja01,0.4,4,2550000
2017,30,Sean Doolittle,doolise01,1.4,13,2630000
2017,30,Oliver Drake,drakeol01,0.1,2,538000
2017,34,Brian Duensing,duensbr01,1.4,16,2000000
2017,26,Tyler Duffey,duffety01,-0.3,0,542500
2017,28,Danny Duffy,duffyda01,3.6,36,5000000
2017,34,Zach Duke,dukeza01,0.2,3,5500000
2017,27,Ryan Dull,dullry01,-0.7,-5,540000
2017,32,Mike Dunn,dunnmi01,0.7,8,4000000
2017,29,Sam Dyson,dysonsa01,-1.1,-8,3520000
2017,30,Josh Edgin,edginjo01,0.6,7,675000
2017,25,Carl Edwards Jr.,edwarca01,1.6,15,556000
2017,26,Jerad Eickhoff,eickhje01,0.8,10,552000
2017,28,Roenis Elias,eliasro01,0,0,582500
2017,24,Carlos Estevez,estevca01,0,1,537000
2017,33,Marco Estrada,estrama01,1.9,21,14500000
2017,27,Jeurys Familia,familje01,0,1,7425000
2017,30,Danny Farquhar,farquda01,0.3,5,900000
2017,34,Scott Feldman,feldmsc01,0.5,6,2300000
2017,24,Michael Feliz,felizmi01,-0.5,-5,546200
2017,29,Neftali Feliz,felizne01,-0.9,-6,5350000
2017,31,Josh Fields,fieldjo03,0.9,10,1050000
2017,33,Casey Fien,fienca01,-1.1,-9,1100000
2017,32,Mike Fiers,fiersmi01,-0.5,-3,3450000
2017,24,Brandon Finnegan,finnebr01,0.2,2,567000
2017,33,Doug Fister,fistedo01,0.1,3,1750000
2017,27,Brian Flynn,flynnbr01,0,0,556000
2017,25,Mike Foltynewicz,foltymi01,1.4,15,544000
2017,24,Michael Fulmer,fulmemi01,3.5,36,551900
2017,31,Yovani Gallardo,gallayo01,-0.3,-2,11000000
2017,24,John Gant,gantjo01,0.1,1,536600
2017,30,Jaime Garcia,garcija02,1.2,14,12000000
2017,33,Matt Garza,garzama01,-0.1,0,12500000
2017,26,Kevin Gausman,gausmke01,2,23,3450000
2017,31,Cory Gearrin,gearrco01,2.4,26,1050000
2017,29,Kyle Gibson,gibsoky01,0.4,6,2900000
2017,26,Ken Giles,gileske01,2,18,550100
2017,34,Chris Gimenez,gimench01,0,-1,950000
2017,27,Mychal Givens,givenmy01,2.3,23,546000
2017,23,Tyler Glasnow,glasnty01,-1.9,-22,541000
2017,24,Koda Glover,gloveko01,-0.1,0,538300
2017,29,Jeanmar Gomez,gomezje01,-0.6,-5,4200000
2017,31,Gio Gonzalez,gonzagi01,6.5,63,12000000
2017,33,Miguel Gonzalez,gonzami03,1.6,18,5900000
2017,26,Kendall Graveman,graveke01,1.9,20,545000
2017,25,Jon Gray,grayjo02,3.2,31,540000
2017,27,Sonny Gray,grayso01,2.6,28,3575000
2017,28,Shane Greene,greensh02,2.4,23,550600
2017,33,Luke Gregerson,gregelu01,0,2,6250000
2017,33,Zack Greinke,greinza01,5.7,56,34000000
2017,29,A.J. Griffin,griffaj01,0,1,2000000
2017,40,Jason Grilli,grillja01,-0.6,-5,3000000
2017,28,Justin Grimm,grimmju01,-0.4,-4,1825000
2017,23,Robert Gsellman,gsellro01,-0.8,-8,541750
2017,32,Junior Guerra,guerrju02,-0.1,0,546200
2017,24,Jandel Gustave,gustaja01,-0.1,-1,537200
2017,26,Justin Haley,haleyju01,-0.1,-2,535000
2017,33,Cole Hamels,hamelco01,3,31,23500000
2017,34,Jason Hammel,hammeja01,1.7,19,5000000
2017,27,Brad Hand,handbr01,2.8,24,1375000
2017,34,J.A. Happ,happja01,3.3,33,13000000
2017,32,Will Harris,harriwi10,1,10,2200000
2017,26,Donnie Hart,hartdo01,0.7,8,538500
2017,28,Matt Harvey,harvema01,-1,-10,5125000
2017,32,Chris Hatcher,hatchch02,0.4,4,1250000
2017,27,Mike Hauschild,hauscmi01,-0.3,-5,535000
2017,26,Andrew Heaney,heanean01,-0.4,-4,543000
2017,30,Jeremy Hellickson,hellije01,0.3,3,17200000
2017,28,Heath Hembree,hembrhe01,0.4,6,547000
2017,27,Kyle Hendricks,hendrky01,3.5,35,760500
2017,28,Liam Hendriks,hendrli01,0.2,4,1100000
2017,32,David Hernandez,hernada01,1,12,535000
2017,31,Felix Hernandez,hernafe02,0.7,8,26857000
2017,27,Kelvin Herrera,herreke01,0.3,5,5325000
2017,37,Rich Hill,hillri01,2.2,23,12666667
2017,24,Jonathan Holder,holdejo02,0.5,6,536875
2017,30,Derek Holland,hollade01,-1.6,-16,6000000
2017,31,Greg Holland,hollagr01,1.5,13,6000000
2017,29,J.J. Hoover,hoovejj01,0.5,6,900000
2017,34,J.P. Howell,howeljp01,-0.2,-2,3000000
2017,30,Daniel Hudson,hudsoda01,-0.1,1,5500000
2017,31,Jared Hughes,hugheja02,1.2,14,950000
2017,31,Phil Hughes,hugheph01,-0.5,-5,13200000
2017,30,Tommy Hunter,hunteto02,1.3,13,1400000
2017,27,Raisel Iglesias,iglesra01,2.2,21,4214286
2017,36,Hisashi Iwakuma,iwakuhi01,0.3,3,14000000
2017,29,Kenley Jansen,janseke01,3,24,10800000
2017,32,Jon Jay,jayjo02,0,1,8000000
2017,29,Jeremy Jeffress,jeffrje01,0.5,7,2100000
2017,30,Dan Jennings,jennida01,0.9,10,1400000
2017,33,Ubaldo Jimenez,jimenub01,-1.4,-14,13500000
2017,34,Jim Johnson,johnsji04,-1,-6,5000000
2017,31,Nate Jones,jonesna01,0.4,4,1900000
2017,27,Taylor Jungmann,jungmta01,0,-1,537600
2017,27,Tommy Kahnle,kahnlto01,1.7,18,535000
2017,29,Nate Karns,karnsna01,1,11,571000
2017,24,Keone Kela,kelake01,1.3,13,543210
2017,33,Shawn Kelley,kellesh01,-0.7,-5,5500000
2017,29,Joe Kelly,kellyjo05,1.3,14,2800000
2017,32,Kyle Kendrick,kendrky01,-0.5,-7,1000000
2017,32,Ian Kennedy,kenneia01,0.7,9,13500000
2017,29,Clayton Kershaw,kershcl01,4.9,48,35571429
2017,29,Dallas Keuchel,keuchda01,3.9,39,9150000
2017,29,Craig Kimbrel,kimbrcr01,3.6,30,13250000
2017,32,Brandon Kintzler,kintzbr01,1.7,16,2925000
2017,31,Corey Kluber,klubeco01,7.9,75,7700000
2017,25,Corey Knebel,knebeco01,3.7,28,538900
2017,31,Tom Koehler,koehlto01,-1.1,-13,5750000
2017,32,George Kontos,kontoge01,1.2,13,1750000
2017,26,Ian Krol,krolia01,-0.5,-5,900000
2017,24,Chad Kuhl,kuhlch01,1.5,16,550000
2017,38,John Lackey,lackejo01,1,12,16000000
2017,26,Derek Law,lawde01,0.1,2,545000
2017,32,Tommy Layne,layneto01,-0.3,-4,1075000
2017,29,Mike Leake,leakemi01,1.8,20,15000000
2017,32,Wade LeBlanc,leblawa01,0.2,4,750000
2017,23,Jose Leclerc,leclejo01,0.8,9,536000
2017,25,Dominic Leone,leonedo01,2,21,548200
2017,33,Jon Lester,lestejo01,0.6,8,25000000
2017,33,Francisco Liriano,liriafr01,-0.5,-3,13666667
2017,29,Jeff Locke,lockeje01,-1,-11,3025000
2017,32,Boone Logan,loganbo02,0,1,5500000
2017,25,Michael Lorenzen,lorenmi01,0.1,4,555000
2017,29,Aaron Loup,loupaa01,0.8,10,1125000
2017,27,Seth Lugo,lugose01,0.8,9,543500
2017,26,Jordan Lyles,lylesjo01,-1.2,-15,3175000
2017,30,Lance Lynn,lynnla01,3.2,33,7500000
2017,29,Tyler Lyons,lyonsty01,1.2,13,549800
2017,35,Jean Machi,machije01,0.2,2,535000
2017,36,Ryan Madson,madsory01,2.5,23,7666667
2017,29,Kenta Maeda,maedake01,0.5,7,3125000
2017,25,Sean Manaea,manaese01,1.6,18,537500
2017,28,Jhan Marinez,marinjh01,0.5,8,540200
2017,22,German Marquez,marquge01,3.5,35,537000
2017,25,Carlos Martinez,martica04,3,32,3700000
2017,34,Michael Martinez,martimi02,0,1,600000
2017,26,Steven Matz,matzst01,-0.2,-1,562250
2017,26,Brandon Maurer,maurebr01,-1.1,-8,1900000
2017,29,Zach McAllister,mcallza01,1.4,18,1825000
2017,33,Brandon McCarthy,mccarbr01,0.7,9,11500000
2017,23,Lance McCullers Jr.,mcculla02,1,11,548000
2017,28,T.J. McFarland,mcfartj01,-0.9,-10,685000
2017,30,Jake McGee,mcgeeja01,1.4,14,5900000
2017,35,Dustin McGowan,mcgowdu01,-0.3,-1,1750000
2017,30,Collin McHugh,mchugco01,1.2,12,3850000
2017,24,Adalberto Mejia,mejiaad01,0.9,10,535000
2017,32,Mark Melancon,melanma01,0.2,2,9000000
2017,24,Daniel Mengden,mengdda01,1.4,14,537500
2017,30,Wade Miley,mileywa01,-0.2,0,8917000
2017,32,Andrew Miller,millean01,3,26,9000000
2017,26,Shelby Miller,millesh01,0.3,4,4700000
2017,30,Tommy Milone,milonto01,-1,-11,1250000
2017,26,Juan Minaya,minayju01,0.3,4,535000
2017,29,Mike Minor,minormi01,3,27,4000000
2017,28,Ariel Miranda,miranar01,0.7,9,540500
2017,26,Bryan Mitchell,mitchbr01,-0.3,-4,550625
2017,24,Frankie Montas,montafr02,-0.5,-6,537500
2017,33,Miguel Montero,montemi01,0,1,14000000
2017,26,Rafael Montero,montera01,0,1,541400
2017,24,Jordan Montgomery,montgjo01,2.9,30,535000
2017,28,Matt Moore,moorema02,-0.1,0,7000000
2017,31,Mitch Moreland,morelmi01,0,1,5500000
2017,27,Adam Morgan,morgaad01,0.7,8,539000
2017,33,Charlie Morton,mortoch02,2,22,7000000
2017,38,Peter Moylan,moylape01,1.2,13,1000000
2017,24,Joe Musgrove,musgrjo01,0.1,3,543400
2017,28,Jimmy Nelson,nelsoji02,3.3,34,547000
2017,28,Hector Neris,nerishe01,2,19,557500
2017,36,Pat Neshek,neshepa01,2.8,25,6500000
2017,30,Juan Nicasio,nicasju01,1.9,19,3650000
2017,28,Brett Nicholas,nichobr01,-0.1,-3,537000
2017,24,Aaron Nola,nolaaa01,4.4,44,544000
2017,34,Ricky Nolasco,nolasri01,0.6,8,12000000
2017,32,Bud Norris,norribu01,0.4,6,1750000
2017,24,Daniel Norris,norrida01,0.5,7,545500
2017,30,Ivan Nova,novaiv01,2,22,7666000
2017,34,Darren O'Day,odayda01,1.1,12,7000000
2017,32,Eric O'Flaherty,oflaher01,-0.5,-5,1250000
2017,27,Scott Oberg,obergsc01,0.3,4,540000
2017,27,Jake Odorizzi,odorija01,-0.1,1,4100000
2017,34,Seunghwan Oh,ohse01,-0.1,2,2750000
2017,22,Roberto Osuna,osunaro01,1.3,13,552400
2017,32,Dan Otero,oteroda01,0.8,11,1050000
2017,31,Adam Ottavino,ottavad01,0.3,4,2100000
2017,25,Dillon Overton,overtdi01,-0.4,-6,536600
2017,32,Blake Parker,parkebl01,1.8,18,560000
2017,23,David Paulino,paulida01,-0.4,-4,536100
2017,28,James Paxton,paxtoja01,3.6,37,2350000
2017,26,James Pazos,pazosja01,-0.1,1,536500
2017,29,Brad Peacock,peacobr01,3.1,33,541500
2017,33,Mike Pelfrey,pelfrmi01,-1.1,-11,8000000
2017,25,Wandy Peralta,peralwa01,0.6,8,535000
2017,28,Wily Peralta,peralwi01,-1.5,-16,4275000
2017,24,Luis Perdomo,perdolu02,0.2,4,544300
2017,26,Hernan Perez,perezhe01,0,1,545700
2017,26,Martin Perez,perezma02,2.4,26,4400000
2017,35,Oliver Perez,perezol01,0.3,4,4000000
2017,34,Glen Perkins,perkigl01,-0.1,-3,6500000
2017,32,Yusmeiro Petit,petityu01,1.6,18,2250000
2017,29,Jake Petricka,petrija01,-0.7,-5,825000
2017,30,David Phelps,phelpda01,0.5,6,4600000
2017,28,Michael Pineda,pinedmi01,0.6,8,7400000
2017,28,Drew Pomeranz,pomerdr01,3.9,40,4450000
2017,28,Rick Porcello,porceri01,-0.2,-1,20125000
2017,28,Ryan Pressly,pressry01,0,2,1175000
2017,31,David Price,priceda01,1.6,17,30000000
2017,27,Austin Pruitt,pruitau01,-0.9,-9,535000
2017,29,Zach Putnam,putnaza01,0.5,4,1175000
2017,38,Chad Qualls,quallch01,0,0,3750000
2017,28,Jose Quintana,quintjo01,2.5,27,7000000
2017,27,Erasmo Ramirez,ramirer02,0.5,7,3125000
2017,28,JC Ramirez,ramirjc01,1.6,18,550000
2017,27,Jose Ramirez,ramirjo02,1,11,536250
2017,28,Neil Ramirez,ramirne01,-1,-11,750000
2017,30,AJ Ramos,ramosaj01,0.4,5,6550000
2017,24,Edubray Ramos,ramosed02,0.5,6,540000
2017,29,Josh Ravin,ravinjo01,-0.3,-3,545000
2017,25,Robbie Ray,rayro02,4.7,46,570400
2017,28,Addison Reed,reedad01,2.3,20,7750000
2017,24,Cody Reed,reedco01,-0.1,-1,537000
2017,33,Clayton Richard,richacl01,0.6,8,1750000
2017,29,Garrett Richards,richaga01,0.9,9,6850000
2017,30,Tanner Roark,roarkta01,1.3,15,4315000
2017,32,David Robertson,roberda08,2.9,27,12000000
2017,26,Hansel Robles,robleha01,0.1,3,553125
2017,40,Fernando Rodney,rodnefe01,0.3,4,2750000
2017,24,Carlos Rodon,rodonca01,1.2,12,600000
2017,24,Eduardo Rodriguez,rodried05,1.8,20,584500
2017,35,Francisco Rodriguez,rodrifr03,-0.9,-7,6000000
2017,25,Joely Rodriguez,rodrijo06,-1,-9,535000
2017,30,Chaz Roe,roech01,0.1,1,720000
2017,26,Taylor Rogers,rogerta01,1.2,12,542500
2017,26,Enny Romero,romeren01,0.6,7,551000
2017,31,Andrew Romine,rominan01,0.1,1,1300000
2017,34,Sergio Romo,romose01,0.5,6,3000000
2017,26,Bruce Rondon,rondobr01,-1,-9,850000
2017,29,Hector Rondon,rondohe01,0,2,5800000
2017,27,Trevor Rosenthal,rosentr01,0.6,7,6400000
2017,28,Robbie Ross,rossro01,-0.2,-2,1825000
2017,30,Tyson Ross,rossty01,-1,-11,6000000
2017,38,Carlos Ruiz,ruizca01,0,0,4500000
2017,30,Chris Rusin,rusinch01,2.4,24,545000
2017,25,Kyle Ryan,ryanky01,-0.2,-1,546400
2017,30,Hyun-Jin Ryu,ryuhy01,1.4,15,7833000
2017,31,Marc Rzepczynski,rzepcma01,0.2,3,5500000
2017,36,CC Sabathia,sabatc.01,2.9,30,25000000
2017,32,Fernando Salas,salasfe01,-0.7,-5,3000000
2017,27,Danny Salazar,salazda01,1.2,14,3400000
2017,28,Chris Sale,salech01,6,60,12000000
2017,32,Jeff Samardzija,samarje01,2.7,30,19800000
2017,24,Aaron Sanchez,sanchaa01,-0.1,0,535000
2017,33,Anibal Sanchez,sanchan01,-0.7,-8,16800000
2017,34,Ervin Santana,santaer01,4.9,50,13500000
2017,29,Hector Santiago,santihe01,0,1,8000000
2017,30,Tanner Scheppers,schepta01,0,0,975000
2017,32,Max Scherzer,scherma01,7.2,68,22143000
2017,27,Robby Scott,scottro02,0.5,6,537000
2017,31,Evan Scribner,scribev01,-0.4,-5,907500
2017,22,Antonio Senzatela,senzaan01,2.2,24,535000
2017,23,Luis Severino,severlu01,5.4,53,550975
2017,29,Bryan Shaw,shawbr01,0.5,8,4600000
2017,35,James Shields,shielja02,0.3,5,21000000
2017,30,Matt Shoemaker,shoemma01,0.6,7,3325000
2017,26,Chasen Shreve,shrevch01,0.6,8,552425
2017,27,Kevin Siegrist,siegrke01,0,1,1637500
2017,26,Shae Simmons,simmosh01,-0.1,-2,536200
2017,33,Tony Sipp,sippto01,-0.4,-4,6000000
2017,25,Tyler Skaggs,skaggty01,0.5,6,555000
2017,27,Carson Smith,smithca02,0.3,3,556750
2017,33,Joe Smith,smithjo05,1.1,12,3000000
2017,28,Josh Smoker,smokejo01,-0.1,0,536625
2017,24,Blake Snell,snellbl01,1,11,545000
2017,30,Miguel Socolovich,socolmi01,-0.6,-9,537500
2017,28,Sammy Solis,solissa01,-0.2,-1,545700
2017,33,Joakim Soria,soriajo01,1.2,12,8000000
2017,33,Craig Stammen,stammcr01,1.5,16,900000
2017,24,Robert Stephenson,stephro01,-0.3,-2,535000
2017,25,Brock Stewart,stewabr01,0,0,537500
2017,29,Drew Storen,storedr01,-0.2,-2,3000000
2017,25,Matt Strahm,strahma01,0,1,538900
2017,28,Dan Straily,straida01,1.2,14,552100
2017,28,Stephen Strasburg,strasst01,6.4,60,18333334
2017,33,Huston Street,streehu01,0.1,2,9000000
2017,28,Hunter Strickland,strichu01,1.8,17,555000
2017,27,Ross Stripling,stripro01,0.6,8,540000
2017,26,Marcus Stroman,stromma01,5.2,52,3400000
2017,32,Pedro Strop,stroppe01,1.1,11,5500000
2017,29,Jesus Sucre,sucreje01,-0.1,-2,630000
2017,31,Anthony Swarzak,swarzan01,2.8,25,900000
2017,24,Noah Syndergaard,syndeno01,0.5,5,605500
2017,25,Jameson Taillon,taillja01,1.2,14,555000
2017,28,Masahiro Tanaka,tanakma01,1.2,14,22000000
2017,24,Ben Taylor,taylobe10,-0.1,0,535000
2017,31,Junichi Tazawa,tazawju01,-0.7,-5,5000000
2017,26,Julio Teheran,teherju01,1.6,18,6300000
2017,29,Ryan Tepera,teperry01,1,12,542700
2017,28,Nick Tepesch,tepesni01,-0.2,-5,1000000
2017,29,Chris Tillman,tillmch01,-2.2,-26,10050000
2017,32,Josh Tomlin,tomlijo01,0.7,9,2500000
2017,27,Michael Tonkin,tonkimi01,-0.2,-3,542500
2017,34,Carlos Torres,torreca01,0.3,5,2175000
2017,23,Jose Torres,torrejo02,0.4,6,535400
2017,29,Blake Treinen,treinbl01,1.2,11,563700
2017,28,Andrew Triggs,triggan01,0,0,537500
2017,24,Sam Tuivailala,tuivasa01,0.8,11,536500
2017,26,Jacob Turner,turneja01,0,1,1500000
2017,42,Koji Uehara,ueharko01,0.2,3,6000000
2017,25,Jose Urena,urenajo01,1.9,21,535000
2017,34,Jason Vargas,vargaja01,4.2,43,8000000
2017,25,Felipe Vazquez,riverfe01,2.6,23,564500
2017,25,Vince Velasquez,velasvi01,0.4,5,547000
2017,34,Justin Verlander,verlaju01,6.5,63,28000000
2017,30,Nick Vincent,vinceni01,1.4,14,1325000
2017,26,Arodys Vizcaino,vizcaar01,1.6,15,1550000
2017,33,Edinson Volquez,volqued01,0.6,7,9000000
2017,25,Michael Wacha,wachami01,1.5,17,2775000
2017,35,Adam Wainwright,wainwad01,0.2,4,19500000
2017,24,Taijuan Walker,walketa01,2.6,27,2250000
2017,29,Adam Warren,warread01,1.4,15,2290000
2017,32,Tony Watson,watsoto01,0.9,10,5600000
2017,34,Jered Weaver,weaveje02,-1.2,-14,3000000
2017,23,Rob Whalen,whalero01,0,0,537500
2017,27,Zack Wheeler,wheelza01,0.2,3,800000
2017,33,Tom Wilhelmsen,wilheto01,0.2,3,1250000
2017,25,Trevor Williams,willitr01,1.8,20,544000
2017,30,Alex Wilson,wilsoal01,0.3,5,1175000
2017,29,Justin Wilson,wilsoju10,1.5,12,2700000
2017,27,Tyler Wilson,wilsoty01,-0.4,-4,545000
2017,27,Dan Winkler,winklda01,0.5,4,545000
2017,26,Nick Wittgren,wittgni01,0,1,535000
2017,26,Alex Wood,woodal02,3.4,35,2800000
2017,31,Blake Wood,woodbl01,-0.7,-7,1275000
2017,30,Travis Wood,woodtr01,-1.7,-18,4000000
2017,28,Brandon Workman,workmbr01,0.5,6,635000
2017,32,Steven Wright,wrighst01,-0.8,-9,593500
2017,25,Michael Ynoa,ynoami01,-0.3,-5,540000
2017,38,Chris Young,youngch03,-0.5,-7,5750000
2017,37,Brad Ziegler,zieglbr01,-0.8,-5,7000000
2017,31,Jordan Zimmermann,zimmejo02,0.3,5,18000000
2017,26,Tony Zych,zychto01,1.1,11,539600
2018,35,Matt Albers,alberma01,-1.6,-13,2500000
2018,28,Scott Alexander,alexasc02,0.4,5,555000
2018,29,Cody Allen,allenco01,0,2,10575000
2018,29,Jose Alvarez,alvarjo02,1.6,15,1050000
2018,30,Brett Anderson,anderbr04,0.4,4,100000
2018,30,Chase Anderson,anderch01,1.2,11,4750000
2018,28,Tyler Anderson,anderty01,2.7,26,555000
2018,23,Victor Arano,aranovi01,2,18,545000
2018,24,Pedro Araujo,araujpe01,-0.5,-6,545000
2018,29,Chris Archer,archech01,0.8,8,6416667
2018,32,Jake Arrieta,arrieja01,2.8,26,30000000
2018,31,Alex Avila,avilaal01,0.1,1,4000000
2018,28,Luis Avilan,avilalu01,0.5,6,2450000
2018,35,John Axford,axforjo01,0,-1,1500000
2018,30,Pedro Baez,baezpe01,0.8,8,1500000
2018,32,Homer Bailey,baileho02,-1.5,-17,21000000
2018,25,Johnny Barbato,barbajo01,-0.4,-5,548600
2018,27,Luke Bard,bardlu01,0,0,545000
2018,25,Scott Barlow,barlosc01,0.2,2,650000
2018,28,Danny Barnes,barneda02,-0.3,-2,561600
2018,28,Jacob Barnes,barneja01,-0.2,-1,558900
2018,28,Matt Barnes,barnema01,1.1,11,605000
2018,34,Tony Barnette,barneto01,0.4,6,1500000
2018,28,Kyle Barraclough,barraky01,0,1,1113000
2018,27,Trevor Bauer,bauertr01,5.8,54,6525000
2018,26,Cam Bedrosian,bedroca01,0.3,5,1100000
2018,38,Matt Belisle,belisma01,-1,-13,1500000
2018,24,Jose Berrios,berrijo01,3.4,34,570000
2018,30,Dellin Betances,betande01,1.5,14,5100000
2018,29,Chad Bettis,bettich01,0.9,8,2000000
2018,27,Ty Blach,blachty01,0,1,565000
2018,24,Paul Blackburn,blackpa01,-0.7,-8,547500
2018,31,Richard Bleier,bleieri01,1.6,14,556000
2018,34,Jerry Blevins,blevije01,0.1,1,7000000
2018,27,Matt Bowman,bowmama01,-0.6,-5,565900
2018,30,Brad Boxberger,boxbebr01,-0.9,-4,1850000
2018,27,Matthew Boyd,boydma01,2.2,22,562000
2018,36,Blaine Boyer,boyerbl01,-1.8,-20,1000000
2018,32,Brad Brach,brachbr01,0.4,4,5165000
2018,25,Archie Bradley,bradlar01,0.1,3,581900
2018,26,Steven Brault,braulst01,-0.1,0,557000
2018,25,Colten Brewer,breweco01,-0.4,-5,545000
2018,26,Austin Brice,briceau01,-0.5,-5,547500
2018,30,Zack Britton,brittza01,0.7,7,12000000
2018,31,Ryan Buchter,buchtry01,0.4,4,555000
2018,28,Madison Bumgarner,bumgama01,2.4,22,12000000
2018,24,Aaron Bummer,bummeaa01,-0.1,0,549000
2018,25,Dylan Bundy,bundydy01,0.3,4,1640000
2018,32,Matt Bush,bushma01,0.2,2,555950
2018,34,Drew Butera,buterdr01,-0.1,-2,2300000
2018,27,Eddie Butler,butleed01,-0.5,-5,570750
2018,30,Trevor Cahill,cahiltr01,1.2,12,1500000
2018,26,Shane Carle,carlesh01,1,9,555000
2018,31,Carlos Carrasco,carraca01,3.7,37,8000000
2018,31,Andrew Cashner,cashnan01,0.8,9,6500000
2018,37,Santiago Casilla,garcija01,0.4,5,6000000
2018,25,Luis Castillo,castilu02,1.5,14,555000
2018,23,Miguel Castro,castrmi01,1.5,16,553000
2018,31,Brett Cecil,cecilbr01,-0.9,-10,7750000
2018,30,Jhoulys Chacin,chacijh01,1.9,18,8750000
2018,28,Andrew Chafin,chafian01,0.7,7,1195000
2018,30,Aroldis Chapman,chapmar01,1.6,14,17200000
2018,28,Tyler Chatwood,chatwty01,-0.2,-2,12500000
2018,34,Jesse Chavez,chaveje01,3.1,29,1000000
2018,32,Wei-Yin Chen,chenwe02,0,0,10000000
2018,24,Yonny Chirinos,chiriyo01,1,11,545000
2018,27,Adam Cimber,cimbead01,0.8,8,545000
2018,28,Tony Cingrani,cingrto01,-0.2,-1,2300000
2018,32,Steve Cishek,cishest01,2.1,18,6500000
2018,26,Alex Claudio,claudal01,0.8,9,568450
2018,27,Mike Clevinger,clevimi01,5.1,49,558500
2018,33,Tyler Clippard,clippty01,1.4,14,1500000
2018,30,Alex Cobb,cobbal01,1.2,13,14000000
2018,26,A.J. Cole,coleaj01,-0.8,-10,555300
2018,27,Gerrit Cole,colege01,5.7,54,6750000
2018,29,Alex Colome,colomal01,1.1,11,5300000
2018,45,Bartolo Colon,colonba01,0.4,5,1750000
2018,28,Patrick Corbin,corbipa01,4,37,7500000
2018,23,Nestor Cortes Jr.,cortene01,-0.1,-1,545000
2018,28,Danny Coulombe,couloda01,-0.1,-1,550000
2018,32,Johnny Cueto,cuetojo01,1.3,11,21833333
2018,29,Charlie Culberson,culbech01,0,-1,575000
2018,31,Yu Darvish,darviyu01,0,0,25000000
2018,27,Matt Davidson,davidma02,0.1,2,570000
2018,25,Zach Davies,davieza02,-0.2,-2,572000
2018,25,J.D. Davis,davisjd01,0,0,550100
2018,32,Wade Davis,daviswa01,1,9,16000000
2018,37,Jorge De La Rosa,rosajo01,0.1,2,2250000
2018,30,Jacob deGrom,degroja01,9.9,83,7400000
2018,28,Randall Delgado,delgara01,-0.1,-1,2250000
2018,31,Daniel Descalso,descada01,-0.1,-1,2000000
2018,28,Anthony DeSclafani,desclan01,0.3,2,860000
2018,31,Odrisamer Despaigne,despaod01,-1.2,-12,1090000
2018,27,Chris Devenski,devench02,0.2,3,599200
2018,31,Jake Diekman,diekmja01,-0.2,0,2712500
2018,31,Sean Doolittle,doolise01,2.5,18,4380000
2018,31,Oliver Drake,drakeol01,-0.2,-4,554300
2018,35,Brian Duensing,duensbr01,-1.6,-14,3500000
2018,29,Danny Duffy,duffyda01,1.1,12,14000000
2018,35,Zach Duke,dukeza01,0.1,2,2150000
2018,28,Ryan Dull,dullry01,0.1,2,555000
2018,33,Mike Dunn,dunnmi01,-0.6,-6,7000000
2018,30,Sam Dyson,dysonsa01,1.3,12,4425000
2018,26,Carl Edwards Jr.,edwarca01,1.2,10,594000
2018,27,Jerad Eickhoff,eickhje01,0,0,568000
2018,28,Nathan Eovaldi,eovalna01,1.3,14,2000000
2018,27,Robbie Erlin,erlinro01,0,0,650000
2018,25,Phil Ervin,ervinph01,0,0,545000
2018,34,Marco Estrada,estrama01,0.8,9,13000000
2018,28,Jeurys Familia,familje01,1.5,13,7925000
2018,27,Buck Farmer,farmebu01,0.6,7,554800
2018,31,Danny Farquhar,farquda01,-0.1,0,1050000
2018,25,Michael Feliz,felizmi01,-0.9,-8,575500
2018,32,Josh Fields,fieldjo03,0.9,10,2200000
2018,33,Mike Fiers,fiersmi01,4,39,6000000
2018,25,Brandon Finnegan,finnebr01,-0.6,-7,577500
2018,34,Doug Fister,fistedo01,0.7,8,3500000
2018,22,Jack Flaherty,flaheja01,2.9,26,545000
2018,31,Pedro Florimon,floripe01,0,-1,600000
2018,28,Brian Flynn,flynnbr01,0.6,7,573500
2018,26,Mike Foltynewicz,foltymi01,4,37,2200000
2018,28,Wilmer Font,fontwi01,0.1,-4,550000
2018,25,Kyle Freeland,freelky01,8.2,70,550000
2018,31,Sam Freeman,freemsa01,-0.1,0,1075000
2018,24,Carson Fulmer,fulmeca01,-0.9,-11,552000
2018,25,Michael Fulmer,fulmemi01,1,11,575200
2018,32,Yovani Gallardo,gallayo01,-0.2,-4,750000
2018,28,Greg Garcia,garcigr01,0,1,569600
2018,31,Jaime Garcia,garcija02,-0.5,-4,8000000
2018,25,Jarlin Garcia,garcija04,-0.2,-1,555000
2018,31,Luis Garcia,garcilu03,-0.4,-2,1200000
2018,27,Yimi Garcia,garciyi01,-0.6,-7,630000
2018,26,Amir Garrett,garream01,0.4,5,547500
2018,27,Mitch Garver,garvemi01,0,1,547500
2018,27,Kevin Gausman,gausmke01,3.3,33,5600000
2018,32,Cory Gearrin,gearrco01,0.8,8,1675000
2018,30,Kyle Gibson,gibsoky01,3.3,33,4200000
2018,27,Ken Giles,gileske01,0,1,4600000
2018,23,Lucas Giolito,giolilu01,-1,-10,555000
2018,28,Mychal Givens,givenmy01,1.1,11,566500
2018,24,Tyler Glasnow,glasnty01,0.7,7,556500
2018,25,Koda Glover,gloveko01,0.4,4,551700
2018,28,Zack Godley,godleza01,-1.2,-13,579200
2018,21,Luiz Gohara,goharlu01,-0.3,-3,555000
2018,32,Carlos Gomez,gomezca01,-0.1,-3,4000000
2018,28,Roberto Gomez,gomezro01,-0.5,-6,550000
2018,32,Gio Gonzalez,gonzagi01,1.9,18,12000000
2018,34,Miguel Gonzalez,gonzami03,-0.7,-10,4750000
2018,26,Nick Goody,goodyni01,-0.3,-3,561500
2018,25,Daniel Gossett,gosseda01,-0.1,0,547500
2018,25,Trevor Gott,gotttr01,-0.2,-2,555000
2018,29,Matt Grace,gracema02,1.2,13,557000
2018,27,Kendall Graveman,graveke01,-1,-11,2360000
2018,25,Brett Graves,gravebr01,-0.3,-5,1090000
2018,26,Jon Gray,grayjo02,1.5,14,555000
2018,28,Sonny Gray,grayso01,0.2,3,6500000
2018,27,Chad Green,greench03,2.1,20,570800
2018,29,Shane Greene,greensh02,-0.5,-1,1950000
2018,34,Luke Gregerson,gregelu01,-0.3,-4,5000000
2018,34,Zack Greinke,greinza01,3.5,33,34000000
2018,29,Justin Grimm,grimmju01,-1.3,-10,1250000
2018,24,Robert Gsellman,gsellro01,-0.2,0,562375
2018,27,Tayron Guerrero,guerrta01,-1,-10,545000
2018,32,Brandon Guyer,guyerbr01,0,1,2750000
2018,29,Jedd Gyorko,gyorkje01,0,-1,9000000
2018,24,Josh Hader,haderjo01,2.1,17,556500
2018,34,Cole Hamels,hamelco01,3.5,33,23500000
2018,35,Jason Hammel,hammeja01,-1.3,-12,9000000
2018,28,Brad Hand,handbr01,0.9,10,4083333
2018,23,Ian Happ,happia01,0,1,570000
2018,35,J.A. Happ,happja01,3.2,31,13000000
2018,31,Blaine Hardy,hardybl01,1.9,18,795000
2018,33,Will Harris,harriwi10,0.8,9,2800000
2018,29,Matt Harvey,harvema01,0.9,8,5625000
2018,33,Chris Hatcher,hatchch02,-0.3,-3,2150000
2018,27,Andrew Heaney,heanean01,1.6,17,800000
2018,31,Jeremy Hellickson,hellije01,1.6,14,100000
2018,29,Heath Hembree,hembrhe01,0.5,6,581500
2018,28,Kyle Hendricks,hendrky01,3.1,29,4175000
2018,29,Liam Hendriks,hendrli01,0.2,2,1900000
2018,33,David Hernandez,hernada01,1.7,15,2500000
2018,23,Elieser Hernandez,hernael01,-0.4,-4,1090000
2018,26,Enrique Hernandez,hernaen02,-0.4,-3,1600000
2018,32,Felix Hernandez,hernafe02,-1,-11,26857000
2018,28,Kelvin Herrera,herreke01,1.7,13,7937500
2018,21,Jordan Hicks,hicksjo03,0.5,6,545000
2018,27,Trevor Hildenberger,hildetr01,-0.8,-5,555000
2018,38,Rich Hill,hillri01,1.6,15,16666667
2018,28,Tim Hill,hillti01,-0.3,-1,545000
2018,34,Yoshihisa Hirano,hiranyo01,1.1,10,3000000
2018,25,Jeff Hoffman,hoffmje02,-0.3,-3,547000
2018,30,Bryan Holaday,holadbr01,-0.1,-2,1000000
2018,25,Jonathan Holder,holdejo02,0.8,9,553850
2018,31,Derek Holland,hollade01,2,19,1750000
2018,32,Greg Holland,hollagr01,-0.2,-5,14000000
2018,32,Jared Hughes,hugheja02,3.2,26,2125000
2018,32,Phil Hughes,hugheph01,-0.4,-6,13200000
2018,31,Tommy Hunter,hunteto02,1.5,13,9000000
2018,27,Drew Hutchison,hutchdr01,-0.3,-4,3000000
2018,28,Raisel Iglesias,iglesra01,2,18,5214286
2018,30,Gregory Infante,infangr01,-0.2,-3,558000
2018,34,Edwin Jackson,jacksed01,1.5,15,1500000
2018,30,Kenley Jansen,janseke01,0.7,7,11333333
2018,30,Jeremy Jeffress,jeffrje01,3.3,25,1700000
2018,23,Joe Jimenez,jimenjo02,0.1,3,547200
2018,27,Brian Johnson,johnsbr02,1.4,15,548000
2018,35,Jim Johnson,johnsji04,-0.5,-4,5000000
2018,27,Pierce Johnson,johnspi01,-0.4,-5,545000
2018,32,Nate Jones,jonesna01,0.4,4,3950000
2018,25,Jakob Junis,junisja01,1.7,18,554250
2018,28,Tommy Kahnle,kahnlto01,-0.9,-9,1312500
2018,25,Keone Kela,kelake01,1.4,13,1200000
2018,22,Brad Keller,kellebr01,3.8,37,545000
2018,34,Shawn Kelley,kellesh01,1.1,12,5500000
2018,30,Joe Kelly,kellyjo05,0.4,5,3825000
2018,33,Ian Kennedy,kenneia01,0.8,8,16000000
2018,30,Clayton Kershaw,kershcl01,3.4,31,35571429
2018,30,Dallas Keuchel,keuchda01,2.9,29,13200000
2018,30,Craig Kimbrel,kimbrcr01,2.3,18,13000000
2018,24,Scott Kingery,kingesc01,-0.1,-1,1000000
2018,27,Tyler Kinley,kinlety01,-0.5,-9,545000
2018,33,Brandon Kintzler,kintzbr01,0.2,3,5000000
2018,32,Corey Kluber,klubeco01,5.7,55,10700000
2018,26,Corey Knebel,knebeco01,0.4,4,3650000
2018,33,George Kontos,kontoge01,-0.2,0,2725000
2018,25,Chad Kuhl,kuhlch01,0.1,1,570500
2018,29,Tommy La Stella,lasteto01,0,0,950000
2018,30,Mike Leake,leakemi01,1.8,19,17000000
2018,33,Wade LeBlanc,leblawa01,2.5,26,700000
2018,27,Mark Leiter Jr.,leitema02,-1.1,-13,549500
2018,34,Jon Lester,lestejo01,3,28,27500000
2018,34,Francisco Liriano,liriafr01,0,1,4000000
2018,26,Ben Lively,livelbe01,0.1,1,550000
2018,23,Jonathan Loaisiga,loaisjo01,-0.2,-2,545000
2018,33,Boone Logan,loganbo02,-0.2,-2,1875000
2018,24,Reynaldo Lopez,lopezre01,3.4,34,555000
2018,26,Michael Lorenzen,lorenmi01,1.4,14,1312500
2018,30,Aaron Loup,loupaa01,0.3,3,1812500
2018,28,Seth Lugo,lugose01,2.3,22,564000
2018,27,Jordan Lyles,lylesjo01,0.3,4,750000
2018,31,Lance Lynn,lynnla01,0.4,5,12000000
2018,30,Tyler Lyons,lyonsty01,-1,-7,1200000
2018,37,Ryan Madson,madsory01,-0.7,-5,7666666
2018,30,Kenta Maeda,maedake01,0.7,7,3125000
2018,23,Tyler Mahle,mahlety01,0,0,545000
2018,33,Kazuhisa Makita,makitka01,-0.4,-5,1900000
2018,26,Sean Manaea,manaese01,2.5,25,550000
2018,23,German Marquez,marquge01,4.4,40,550000
2018,32,Chris Martin,martich02,0.5,6,1750000
2018,26,Carlos Martinez,martica04,1.8,16,11700000
2018,35,Jeff Mathis,mathije01,-0.1,-1,2000000
2018,27,Steven Matz,matzst01,1.7,16,577000
2018,27,Brandon Maurer,maurebr01,-1.2,-11,2950000
2018,28,Trevor May,maytr01,0.5,5,650000
2018,26,Mike Mayers,mayermi01,-0.2,-2,545000
2018,30,Zach McAllister,mcallza01,-0.7,-8,2450000
2018,34,Brandon McCarthy,mccarbr01,-0.2,-2,11500000
2018,24,Lance McCullers Jr.,mcculla02,1.7,18,2450000
2018,29,T.J. McFarland,mcfartj01,1.4,15,850000
2018,31,Jake McGee,mcgeeja01,-0.9,-7,7000000
2018,25,Kyle McGrath,mcgraky01,0,0,546900
2018,31,Collin McHugh,mchugco01,2.1,22,5000000
2018,32,Kris Medlen,medlekr01,-0.3,-5,100000
2018,33,Mark Melancon,melanma01,0,1,20000000
2018,25,Daniel Mengden,mengdda01,0.8,8,547500
2018,24,Keynan Middleton,middlke01,0.8,6,551000
2018,29,Miles Mikolas,mikolmi01,4.5,41,7500000
2018,33,Andrew Miller,millean01,0.2,2,9000000
2018,27,Shelby Miller,millesh01,-1.1,-14,4900000
2018,27,Hoby Milner,milneho01,-0.4,-3,548000
2018,27,Juan Minaya,minayju01,1,10,558000
2018,30,Mike Minor,minormi01,3.4,33,8333334
2018,24,A.J. Minter,minteaj01,0.8,8,555000
2018,27,Bryan Mitchell,mitchbr01,-0.5,-6,552800
2018,25,Jordan Montgomery,montgjo01,0.5,5,580450
2018,28,Mike Montgomery,montgmi01,1.1,11,611250
2018,29,Matt Moore,moorema02,-1.3,-14,9000000
2018,35,Kendrys Morales,moralke01,0,1,11000000
2018,28,Adam Morgan,morgaad01,0.7,7,559000
2018,25,Reyes Moronta,moronre01,1.6,13,545500
2018,33,Brandon Morrow,morrobr01,1.4,11,9000000
2018,34,Charlie Morton,mortoch02,3.8,37,7000000
2018,39,Peter Moylan,moylape01,-0.1,0,575000
2018,25,Joe Musgrove,musgrjo01,1.3,12,571000
2018,29,Hector Neris,nerishe01,0.2,2,582500
2018,37,Pat Neshek,neshepa01,0.8,6,7750000
2018,25,Dovydas Neverauskas,neverdo01,-0.8,-10,557500
2018,25,Sean Newcomb,newcose01,1.6,16,555000
2018,31,Juan Nicasio,nicasju01,-1,-6,7750000
2018,25,Aaron Nola,nolaaa01,10.2,85,573000
2018,33,Bud Norris,norribu01,0.1,2,3000000
2018,25,Daniel Norris,norrida01,0,1,561400
2018,31,Ivan Nova,novaiv01,1.1,11,9167000
2018,28,Chris O'Grady,ogradch01,-0.1,-1,1090000
2018,28,Scott Oberg,obergsc01,2.3,19,555000
2018,28,Jake Odorizzi,odorija01,1.2,12,6300000
2018,34,Alexi Ogando,ogandal01,-0.2,-1,100000
2018,35,Seunghwan Oh,ohse01,2.4,22,1750000
2018,23,Shohei Ohtani,ohtansh01,1.3,12,545000
2018,28,Tyler Olson,olsonty01,-0.1,0,548300
2018,29,Josh Osich,osichjo01,-0.5,-5,558000
2018,23,Roberto Osuna,osunaro01,1.4,12,5300000
2018,33,Dan Otero,oteroda01,-0.4,-3,1100000
2018,32,Adam Ottavino,ottavad01,2.5,21,7000000
2018,27,Emilio Pagan,paganem01,0.3,3,547500
2018,33,Blake Parker,parkebl01,1.1,12,1800000
2018,29,James Paxton,paxtoja01,3.2,32,4900000
2018,30,Brad Peacock,peacobr01,0.8,9,2440000
2018,34,Cliff Pennington,pennicl01,0,0,1500000
2018,26,Wandy Peralta,peralwa01,-0.6,-6,557500
2018,29,Wily Peralta,peralwi01,0.5,6,1500000
2018,25,Luis Perdomo,perdolu02,-1,-12,566800
2018,27,Hernan Perez,perezhe01,-0.2,-3,1975000
2018,27,Martin Perez,perezma02,-1,-10,6000000
2018,36,Oliver Perez,perezol01,1.3,13,1750000
2018,25,Dillon Peters,peterdi01,-0.6,-6,1090000
2018,33,Yusmeiro Petit,petityu01,1.6,16,3500000
2018,25,Nick Pivetta,pivetni01,2.2,20,551000
2018,29,Drew Pomeranz,pomerdr01,-0.5,-6,8500000
2018,29,Rick Porcello,porceri01,3,30,21125000
2018,25,Bobby Poyner,poynebo01,0.6,6,545000
2018,29,Ryan Pressly,pressry01,2.1,18,1600000
2018,32,David Price,priceda01,4.2,41,30000000
2018,29,Kevin Quackenbush,quackke01,-0.5,-6,690000
2018,25,Roman Quinn,quinnro01,-0.2,-6,545000
2018,29,Jose Quintana,quintjo01,1.8,17,8850000
2018,28,Erasmo Ramirez,ramirer02,-0.5,-5,4200000
2018,29,JC Ramirez,ramirjc01,-0.3,-4,1900000
2018,28,Jose Ramirez,ramirjo02,-0.9,-9,565000
2018,28,Noe Ramirez,ramirno01,0.2,3,548500
2018,31,AJ Ramos,ramosaj01,-0.5,-3,9225000
2018,25,Edubray Ramos,ramosed02,1.3,12,554000
2018,26,Robbie Ray,rayro02,1.1,11,3950000
2018,29,Addison Reed,reedad01,-0.1,1,8250000
2018,25,Cody Reed,reedco01,0.5,4,547500
2018,23,Alex Reyes,reyesal02,0.3,2,545600
2018,35,Jose Reyes,reyesjo01,-0.2,-5,2000000
2018,25,Jacob Rhame,rhameja01,-0.2,-2,545650
2018,34,Clayton Richard,richacl01,-1.1,-11,3000000
2018,30,Garrett Richards,richaga01,0.2,2,7300000
2018,28,Anthony Rizzo,rizzoan01,0,0,7285714
2018,31,Tanner Roark,roarkta01,2.7,25,6475000
2018,33,David Robertson,roberda08,0.7,8,13000000
2018,27,Hansel Robles,robleha01,0.4,5,900000
2018,41,Fernando Rodney,rodnefe01,0.8,8,4250000
2018,25,Carlos Rodon,rodonca01,2.2,22,2300000
2018,25,Eduardo Rodriguez,rodried05,2.9,29,2375000
2018,27,Taylor Rogers,rogerta01,2,19,565000
2018,24,Sal Romano,romansa01,-0.5,-5,545000
2018,27,Enny Romero,romeren01,-0.8,-12,565000
2018,32,Andrew Romine,rominan01,-0.1,-3,1050000
2018,35,Sergio Romo,romose01,0.2,4,2500000
2018,30,Hector Rondon,rondohe01,1,10,4000000
2018,25,Joe Ross,rossjo01,0.1,1,567900
2018,31,Tyson Ross,rossty01,1,9,1750000
2018,28,Ryan Rua,ruary01,0,1,870000
2018,31,Chris Rusin,rusinch01,-0.9,-8,1287500
2018,31,Hyun-Jin Ryu,ryuhy01,2.2,20,7833000
2018,32,Marc Rzepczynski,rzepcma01,-0.5,-4,5500000
2018,37,CC Sabathia,sabatc.01,1.9,19,10000000
2018,33,Fernando Salas,salasfe01,-0.3,-2,1500000
2018,29,Chris Sale,salech01,6.9,62,12500000
2018,33,Jeff Samardzija,samarje01,-0.7,-7,19800000
2018,25,Aaron Sanchez,sanchaa01,1,10,2700000
2018,34,Anibal Sanchez,sanchan01,3.1,28,1000000
2018,31,Pablo Sandoval,sandopa01,0,1,545000
2018,26,Edgar Santana,santaed01,1.1,11,556500
2018,35,Ervin Santana,santaer01,-0.6,-8,13500000
2018,30,Hector Santiago,santihe01,0.8,9,2000000
2018,28,Warwick Saupold,saupowa01,0.3,3,550400
2018,33,Max Scherzer,scherma01,8.4,72,22143000
2018,23,Antonio Senzatela,senzaan01,1.3,13,550000
2018,24,Luis Severino,severlu01,4.1,40,604975
2018,28,Paul Sewald,sewalpa01,-0.9,-7,553250
2018,29,Kevin Shackelford,shackke01,-0.3,-4,545000
2018,30,Bryan Shaw,shawbr01,-1.1,-10,7500000
2018,36,James Shields,shielja02,1.6,18,21000000
2018,31,Matt Shoemaker,shoemma01,0.2,2,4125000
2018,27,Chasen Shreve,shrevch01,0.1,1,825000
2018,34,Tony Sipp,sippto01,1.4,14,6000000
2018,26,Tyler Skaggs,skaggty01,1.5,16,1875000
2018,28,Burch Smith,smithbu03,-1.1,-13,554250
2018,26,Caleb Smith,smithca03,0.6,6,1090000
2018,28,Carson Smith,smithca02,0.3,3,850000
2018,34,Joe Smith,smithjo05,0.5,5,7000000
2018,28,Will Smith,smithwi04,0.9,8,2500000
2018,29,Josh Smoker,smokejo01,-0.3,-3,570500
2018,29,Jake Smolinski,smolija01,-0.1,-1,775000
2018,29,Sammy Solis,solissa01,-0.6,-4,560300
2018,34,Joakim Soria,soriajo01,0.9,10,9000000
2018,27,Cory Spangenberg,spangco01,-0.1,-2,1700000
2018,34,Craig Stammen,stammcr01,1.7,15,2250000
2018,27,Drew Steckenrider,steckdr01,0.3,4,1090000
2018,24,Jackson Stephens,stephja01,-0.8,-9,545000
2018,26,Matt Strahm,strahma01,1.6,15,552700
2018,29,Dan Straily,straida01,0.6,6,3375000
2018,29,Stephen Strasburg,strasst01,2.7,24,18333333
2018,27,Chris Stratton,stratch01,-0.9,-9,552500
2018,29,Hunter Strickland,strichu01,-0.5,-3,1550000
2018,28,Ross Stripling,stripro01,2.5,23,555000
2018,27,Marcus Stroman,stromma01,0.3,3,6500000
2018,33,Pedro Strop,stroppe01,2,16,5850000
2018,27,Daniel Stumpf,stumpda01,-0.2,0,552000
2018,30,Jesus Sucre,sucreje01,-0.1,-2,925000
2018,28,Brent Suter,suterbr01,-0.2,-2,556500
2018,32,Anthony Swarzak,swarzan01,-0.4,-3,5500000
2018,25,Noah Syndergaard,syndeno01,4.1,36,2975000
2018,29,Masahiro Tanaka,tanakma01,2.4,24,22000000
2018,32,Junichi Tazawa,tazawju01,-0.8,-9,7100000
2018,27,Julio Teheran,teherju01,1.6,16,8166667
2018,30,Ryan Tepera,teperry01,1.4,13,574700
2018,29,Tyler Thornburg,thornty01,-0.1,-1,2050000
2018,30,Chris Tillman,tillmch01,-1.1,-13,3000000
2018,22,Carlos Tocci,toccica01,0,1,545000
2018,33,Josh Tomlin,tomlijo01,-1,-11,3000000
2018,30,Blake Treinen,treinbl01,4.1,30,2150000
2018,29,Andrew Triggs,triggan01,-0.1,-1,550000
2018,25,Sam Tuivailala,tuivasa01,0.4,4,554600
2018,27,Jacob Turner,turneja01,-0.9,-13,2000000
2018,21,Julio Urias,uriasju01,0.1,2,550000
2018,33,Danny Valencia,valenda01,0,0,1200000
2018,35,Jason Vargas,vargaja01,-0.3,-3,6000000
2018,26,Felipe Vazquez,riverfe01,1.6,13,3000000
2018,26,Vince Velasquez,velasvi01,1.7,16,559000
2018,29,Hector Velazquez,velazhe01,1.5,17,547000
2018,27,Drew VerHagen,verhadr01,0.5,6,551400
2018,35,Justin Verlander,verlaju01,6.8,64,28000000
2018,31,Nick Vincent,vinceni01,0.4,5,2750000
2018,27,Arodys Vizcaino,vizcaar01,1.2,10,3400000
2018,26,Michael Wacha,wachami01,0.9,9,5300000
2018,36,Adam Wainwright,wainwad01,0.2,2,19500000
2018,29,Marcus Walden,waldema01,0.1,2,545000
2018,25,Taijuan Walker,walketa01,0.2,2,4825000
2018,30,Adam Warren,warread01,1,11,3315000
2018,33,Tony Watson,watsoto01,1.8,15,3000000
2018,24,Luke Weaver,weavelu01,-0.9,-10,550800
2018,28,Zack Wheeler,wheelza01,3.9,36,1900000
2018,29,Chase Whitley,whitlch01,-0.1,-2,800000
2018,26,Trevor Williams,willitr01,4,36,569500
2018,31,Alex Wilson,wilsoal01,1.3,12,1925000
2018,30,Justin Wilson,wilsoju10,0.7,7,4250000
2018,28,Dan Winkler,winklda01,0.2,3,610000
2018,27,Alex Wood,woodal02,1.3,12,6000000
2018,32,Blake Wood,woodbl01,0.4,4,1450000
2018,25,Brandon Woodruff,woodrbr01,0.3,4,550100
2018,29,Brandon Workman,workmbr01,0.9,9,835000
2018,28,Mike Wright,wrighmi01,0,1,553500
2018,33,Steven Wright,wrighst01,1.6,16,1100000
2018,26,Ryan Yarbrough,yarbrry01,1.1,12,545000
2018,31,Kirby Yates,yateski01,2.1,16,1062500
2018,38,Brad Ziegler,zieglbr01,0,2,9000000
2018,32,Jordan Zimmermann,zimmejo02,0.7,8,24000000
